ulasan,ulasan_bersih,skor_sentimen,label,sentimen
"Kualitas: bagus Cocok Untuk: boluu Nyampenya cepet, setelah dieksekusi hasilnya memuaskan, enak bgt bolunya, pas mateng langsung aku serbu sendiri sampe mau habis separonya.. makasih seller, next bakalan order lagi nih!! 0:18 26 t*****9",kualitas bagus cocok boluu nyampenya cepet eksekusi hasil muas enak bolu pas mateng langsung serbu sampe habis paro jual,35,1,Positif
"Jenis: tepung ketan hitam Harga: murah Kualitas: bagus Pertama kali beli tepung ini buat bikin bolu ketan pas lebaran nanti, keliatannya sih kualitas tepungnya bagus. Untuk packing rapih, pengiriman jg cepet, harga murah. Thanks eak👍 0:06 4 a*****2",jenis tepung ketan hitam harga murah kualitas bagus tepung bolu ketan pas lebaran liat kualitas tepung bagus kemas rapih kirim cepet harga murah eak,32,1,Positif
"Rasa: enak Tekstur: normal seperti tepung ketan pada umumnya Kegunaan: cocok untuk membuat kue Solusi jitu biar ga berebut tepung ketan hitam di pasar ya beli disini aja guys. Recomended, harga bersahabat, pengiriman cepat. Mantap, thanks 👍🙏 0:08 1 nienieng",enak tekstur normal tepung ketan guna cocok kue solusi jitu biar rebut tepung ketan hitam pasar guys recomended harga sahabat kirim cepat bagus nienieng,27,1,Positif
"Rasa: enak dibuat bolu Kegunaan: buat bolu ketan hitam ORI dan keju lumer Kualitas: baik Pake tepung ini hitamnya pekat dan legit bgt di buat bolu apalagi klo bolunya sudah suhu ruang. Terima kasih seller, sukses selalu usahanya 0:10 3 raiqa.hijab | Langganan",enak bolu guna bolu ketan hitam ori keju lembut kualitas pakai tepung hitam pekat legit bolu bolu suhu ruang jual sukses usaha raiqa hijab langgan,10,1,Positif
Jenis: tepung ketan hitam Harga: murah Kualitas: ok Yuk bantu UMKM kita maju dengan berbelanja di toko ini. Pengemasan sangat baik. Harga ramah di kantong. Kualitas Ok 0:13 4 m*****3,jenis tepung ketan hitam harga murah kualitas ok yuk bantu umkm maju belanja toko emas harga ramah kantong kualitas ok,36,1,Positif
"Kualitas: sangat baikkk sekali, enak poll dan bakal langganan terus ditoko ini 😍 Cocok Untuk: bolu kukus dan panggang 0:05 4 1 2 3 4 5 ...",kualitas baikkk enak poll langgan toko cocok bolu kukus panggang,15,1,Positif
Jenis: Tepung ketan hitam Harga: murah Kualitas: baik sekali terMANTUL lah pokoknya Next pasti order lagi la 0:05 2 3ra43w69o0,jenis tepung ketan hitam harga murah kualitas termantul pokok la rawo,9,1,Positif
Rasa: enak banget Tekstur: lembut Kegunaan: cocok buat kue Tepung nya asli bagus banget Enak Kentan hitam nya terasa banget Beda sama tepung yang ditoko toko yang merek….. Terima kasih toko amanah banget deh 0:04 1,enak tekstur lembut guna cocok kue tepung nya asli bagus enak kentan hitam nya beda tepung toko toko merek toko amanah,18,1,Positif
"Sudah dicoba buat bikin bolu ketan hitam dan enak, legit. Terima kasih seller 0:05 7 lianawatihasibuan582",coba bolu ketan hitam enak legit jual lianawatihasibuan,8,1,Positif
"Komposisinya 100% beras ketan hitam,alami dan produksi lokal indonesia 0:11 1 k*****i",komposisi beras ketan hitam alami produksi lokal indonesia,-7,0,Negatif
"Dbikin bolu ketan hitam hsilx bolu hitam pekat enk tektur kasar , d paking rapi 0:04 2 s*****u",dbikin bolu ketan hitam hsilx bolu hitam pekat enk tektur kasar paking rapi,-5,0,Negatif
"Cocok Untuk: bolu ketan hitam Kualitas tepungnya emang bagus, masih baru. Thanks 0:04 1 1 2 3 4 5 ...",cocok bolu ketan hitam kualitas tepung emang bagus,6,1,Positif
"Sudah dicoba buat bikin bolu ketan hitam dan enak, legit. Terima kasih seller 0:05 7",coba bolu ketan hitam enak legit jual,8,1,Positif
"sesuai pesanan, packing rapih dan aman, pengiriman cepet. terima kasih seller and shopee. 0:05 2 a*****i",sesuai kemas rapih aman kirim cepet jual and,11,1,Positif
Rasa: pas Kegunaan: pas Tekstur: pas Alhamdulillah paket sudah sampai penjualnya amanah gercep recomended terimakasih banyak ka 0:15 1,pas guna pas tekstur pas jual amanah cepat recomended terimakasih ka,24,1,Positif
Jenis: bahan buat bikin macam macam makanan Harga: murah Kualitas: sangat baik Pengemasan rapi barang sampai dengan sangat baik Toko nya sangat di anjurkan Terimakasih seller dan shopee 1:00 3 b*****i,jenis bahan makan harga murah kualitas emas rapi toko nya anjur terimakasih jual,15,1,Positif
Jenis: kue ketan Harga: suka banget Kualitas: enak banget suka Pengiriman super cepat 0:04 1 perawa1119,jenis kue ketan harga suka kualitas enak suka kirim super cepat awa,26,1,Positif
Jenis: tepung ketan hitam Harga: bagussss Kualitas: semoga bagus Terima kasih barang sudah diterima 0:04 1 d*****a,jenis tepung ketan hitam harga bagus kualitas bagus terima,9,1,Positif
"Rasa: lezatt Tekstur: lembut Kegunaan: cocok untuk kue Pengiriman cepat ya min, barang bagus tidak ada yang cacat sama sekali harganya juga tidak mahal. Toko amanah laris manis tanjung kimpul 0:05 1 1 2 3 4 5 6 ...",lezatt tekstur lembut guna cocok kue kirim cepat bagus cacat harga mahal toko amanah laris manis tanjung kimpul,21,1,Positif
Jenis: bahan buat bikin macam macam makanan Harga: murah Kualitas: sangat baik Pengemasan rapi barang sampai dengan sangat baik Toko nya sangat di anjurkan Terimakasih seller dan shopee 1:00 3,jenis bahan makan harga murah kualitas emas rapi toko nya anjur terimakasih jual,15,1,Positif
Jenis: tepung Harga: affordibel Kualitas: bagus Pengiriman top markotop 👍👍👍👍👍 0:18 1 naynaycucunyaabahhaji | Langganan,jenis tepung harga affordibel kualitas bagus kirim bagus markotop naynaycucunyaabahhaji langgan,15,1,Positif
Alhamdulillah paket dah sampai kualitas bagus kurir ramah pengirimanpun ceoat..thanks seller 1 mayhaikal,dah kualitas bagus ramah kirim ceoat jual mayhaikal,11,1,Positif
"Rasa: enak Tekstur: lumayan lembut Kegunaan: cocok untuk bolu Harganya murah, kualitas lumayan bagus dan bagus, nggak ngeres dimulut ketika dimakan , buat yg mau nyari tepung ketan hitam jgn ragu order disini, nex mo order lagi 0:04 2 z*****a",enak tekstur lumayan lembut guna cocok bolu harga murah kualitas lumayan bagus bagus ngeres mulut makan nyari tepung ketan hitam jgn ragu nex mo,17,1,Positif
Jenis: tepung Harga: 6ribuan Kualitas: blm dicoba Terima kasih paket dah sampe komplit ga ada yang kurang kl dah dicoba dan cocok beli lgi.. 0:05 1 riyadiugie,jenis tepung harga ribu kualitas coba dah sampe komplit dah coba cocok riyadiugie,9,1,Positif
"Tekstur: lembut Rasa: setelah dibikin roti enak tepungnya Rasakan: manisnya pas, sdh mencoba Pesanan kedua kalinya Recommended Pas pesan pertama dibikin roti puas banget sesuai ekspektasi 0:23",tekstur lembut bikin roti enak tepung rasa manis pas coba kali rekomendasi pas pesan bikin roti puas sesuai ekspektasi,24,1,Positif
"Rasa: enak mantep Tekstur: berpasir tapi lembutt banget Kegunaan: bolu brownies dll Kalian yg mau cobaaa ketan hitam buat bolu dan brownies. Ini enak banged. Hitam hasilnya, rasane enak banget, apalagi berpasirnya lembut, jadi ga yg kasar. Wahh rekomended banget !",enak mantep tekstur pasir lembutt guna bolu brownies dll cobaaa ketan hitam bolu brownies enak banged hitam hasil rasane enak pasir lembut kasar wahh rekomendasi,11,1,Positif
Rasa: enak Tekstur: bagus Kegunaan: membuat kue viral Sudah yg ke dua belanja merk tepung ketan ini sangat enak & tekstur tidak berpasir spt tepung ketan biasa..laris manis 😍 0:05,enak tekstur bagus guna kue viral belanja merk tepung ketan enak tekstur pasir tepung ketan laris manis,20,1,Positif
Jenis: tepung ketan Harga: murah Kualitas: ok Tepung ketan nya sudah sampe ok makasih👍👍 0:04 1 ella150578,jenis tepung ketan harga murah kualitas ok tepung ketan nya sampe ok ella,18,1,Positif
"Jenis: bagus Harga: ok Kualitas: ok Alhamdulillah ketah hitamnya sudah datang, kualitasnya bagus, tidak mengecewakan, pokoknya top bgt...,.....? 0:06 2 lalaajj123",jenis bagus harga ok kualitas ok ketah hitam kualitas bagus kecewa pokok bagus lalaajj,24,1,Positif
Kualitas: bagus Jenis: keta hitam Harga: terjangkau Pengiriman cpt harga terjangkau sesuai dengan pesanan 1 tsaulah,kualitas bagus jenis keta hitam harga jangkau kirim cpt harga jangkau sesuai tsaulah,13,1,Positif
Jenis: tepung Harga: terjangkau Kualitas: smga bagus Alhamdulillah sudah di terima dg baik 0:07 1 i*****y,jenis tepung harga jangkau kualitas smga bagus,10,1,Positif
"Klo dilihat dari tekstur nya tepung ketannya kualitas bagus, tdk menggumpal, cuma di pengiriman agak lumayan lama, pas aku chat ke penjual krn kehabisan stok produksi. Mungkin krn tep ketan hitam akhir2 ini lg viral buat cake ketan hitam lumer. Smoga pas dicoba buat cake hasilnya bagus 1 1 2 3 4 5 6 7 ...",tekstur nya tepung ketan kualitas bagus tdk gumpal kirim lumayan pas chat jual habis stok produksi tep ketan hitam viral cake ketan hitam lembut smoga pas coba cake hasil bagus,18,1,Positif
Jenis: Tepung ketan Harga: Murah Kualitas: Bagus Barang sudah sampai..Pesenan ku yang ke 2× nya.. Sukses terus buat tokonya🙏 0:08 3 binbul3026,jenis tepung ketan harga murah kualitas bagus sen ku nya sukses toko binbul,15,1,Positif
Tekstur: suka karena teksturnya tidak berpasir Rasa: enak & manis tidak dicampur2 original ketan hitam Rasakan: manis gurih Saya pakai tepung ini buat jualan kalo ada pesanan2 . Trima kasih seller dikirim dgn aman sampai tempat 0:05,tekstur suka tekstur pasir enak manis campur original ketan hitam rasa manis gurih pakai tepung jual kalo trima jual kirim aman,23,1,Positif
"Cocok Untuk: bolu dan kue Kualitas: bagus Sudah dipakai membuat bolu dan hasilnya bagus, pengemasan jg baik pakai bublewrap 👍 0:05 1 augustien8",cocok bolu kue kualitas bagus pakai bolu hasil bagus emas pakai bublewrap augustien,15,1,Positif
"Rasa: ketan hitam Tekstur: lembut Kegunaan: bahan dasar kue Pesanan sdh diterima dg baik dikemas rapi dan aman, sesuai pesanan proses order dan kirimnya cepat, terima kasih 🙏 0:04",ketan hitam tekstur lembut guna bahan dasar kue terima kemas rapi aman sesuai proses kirim cepat,11,1,Positif
Rasa: lwzat Tekstur: lembut Kegunaan: kueee enak qangiii lagii😭💗 jangan ragu oder gusyyyy 0:04 2 juhartiyah,lwzat tekstur lembut guna kueee enak qangiii lagi ragu oder gusyyyy juhartiyah,0,0,Negatif
Rasa: sangat enak khas beras hitam Tekstur: memiliki tekstur yang bagus dan warna yang sangat hitam Kegunaan: cocok untuk membuat bolu ketan hitam yang virall mantap 0:05 1 1 2 ... 4 5 6 7 8 ...,enak khas beras hitam tekstur milik tekstur bagus warna hitam guna cocok bolu ketan hitam virall bagus,7,1,Positif
"Packaging paketnya aman, pake bubble wrap. Seller ramah. Harga terjangkau. Belum dicoba buat bikin kue, semoga hasilnya bagus. Thanks kak 1 d*****t",packaging paket aman pakai bubble wrap jual ramah harga jangkau coba kue hasil bagus,20,1,Positif
"Belum dicoba, semoga bagus dibikin kuenya. Jumlah pesanan sesuai. 0:04 1 m*****3",coba bagus bikin kue sesuai,7,1,Positif
Cocok Untuk: bolu panggang dan bolu kukus Kualitas: sangat baik sekali ini beneran enak loh 😍 1 k*****a,cocok bolu panggang bolu kukus kualitas beneran enak,16,1,Positif
Rasa: enak Tekstur: memiliki tekstur yang bagus Kegunaan: untuk membuat kue Aku pake untuk jualan ketan hitam keju lumer dan hasilnya bagus next order lagi 🤗 semoga usahaku makin banyak yang beli amiinn..🥰🥰 0:08 1 k*****d,enak tekstur milik tekstur bagus guna kue pakai jual ketan hitam keju lembut hasil bagus usaha amiinn,12,1,Positif
Kualitas: belum dicoba Cocok Untuk: bolu ketan hitam Pengemasan dan pengiriman cepat sekali. Terimakasih seller. Semoga berkah. Aamiin 0:05 3 r*****h,kualitas coba cocok bolu ketan hitam emas kirim cepat terimakasih jual berkah,21,1,Positif
Pesanan lengkap.. Pengemasan baik.. Pengiriman standart.. Makasih ya.. 0:04 1 1 2 ... 5 6 7 8 9 ...,lengkap emas kirim standart,4,1,Positif
Pertama kali coba produk ini. Dikirim dan sampenya cepat. Mgkn lebih baik dilapis kardus atau bubble wrap supaya ga mudah kerobek. Ini ada yg kerobek sedikit jd kalo plastikny dilepas ada yg keluar2 bubuknya. Udh dipake hasilnya bagus 👍🏼 0:08 1 z*****6,coba kirim sampenya cepat mgkn lap kardus bubble wrap mudah kerobek kerobek jd kalo plastikny lepas bubuk dipake hasil bagus,4,1,Positif
Rasa: pas di lidah 😛 Tekstur: memiliki tekstur yang bagus Kegunaan: cocok untuk membuat kue yang lezat 0:04 1 dwiriy19,pas lidah tekstur milik tekstur bagus guna cocok kue lezat dwiriy,16,1,Positif
"Love sekebon bgt sm tepung ketan hitam ini! Warnanya cantik rasanya tepung ketan item bgtttt, Terimakasih ya Pk/bu telah menciptakan tepung ini😘🤗 0:11",love kebon sm tepung ketan hitam warna cantik tepung ketan bgtttt terimakasih pakai bu cipta tepung,8,1,Positif
Rasa: enak Tekstur: lembut Kegunaan: cocok untuk membuat kue bolu barang nya oke banget sesuai sama pesanan 0:17 1 tba.pku,enak tekstur lembut guna cocok kue bolu nya sesuai tba pku,13,1,Positif
"Rasa: enak setelah dibuat jadi kue Tekstur: halus Kegunaan: membuat aneka makanan Recommended, tepungnya halus 0:09",enak kue tekstur halus guna aneka makan rekomendasi tepung halus,10,1,Positif
Alhamdulillah barang sudah sampai dengan cepat dan amanah terima kasih kepada shoppee toko online nya juga buat jasa pengiriman barang nya yang super keren sukses terus buat semua nya yaaaaaaaaaaaaaaaaaa 0:04 1 1 2 ... 6 7 8 9 10 ...,cepat amanah shoppee toko online nya jasa kirim nya super bagus sukses nya yaaaaaaaaaaaaaaaaaa,22,1,Positif
Cocok Untuk: kue Kualitas: bagus Pengemasan rapi... pengiriman juga cepat..belum tau rasanya..Karna baru coba...KLO enak akan repeat order LG ..thx 1 m*****s,cocok kue kualitas bagus emas rapi kirim cepat tau coba enak,21,1,Positif
Rasa: lezat Tekstur: bagus Kegunaan: untuk adonan kue bolu Pack aging nya bagus shg kualitas produk nya terjaga 0:16 1 fitriaulya733,lezat tekstur bagus guna adon kue bolu pack aging nya bagus shg kualitas nya jaga fitriaulya,12,1,Positif
"Rasa: rasanya sangat lezat dan istimewa, memiliki tekstur yang lembut, cocok untuk membuat kue tepung ketan lumer yang lagi viral 0:22 1 juhartiyah",lezat istimewa milik tekstur lembut cocok kue tepung ketan lembut viral juhartiyah,10,1,Positif
Rasa: memiliki citarasa yang lezat Tekstur: memiliki tekstur yang bagus Kegunaan: cocok untuk membuat kue ketan hitam virall Mantap selalu beli di sini si 0:04 1 lilislisdaliawati,milik citarasa lezat tekstur milik tekstur bagus guna cocok kue ketan hitam virall bagus si lilislisdaliawati,12,1,Positif
"Kualitas: baik Cocok Untuk: bolu Kualitas baik, harga murah, pengemasan baik, pengiriman cepat, best seller 0:06 1 gitadp",kualitas cocok bolu kualitas harga murah emas kirim cepat best jual gitadp,24,1,Positif
Rasa: enak 100% tepung ketan hitam Kegunaan: bolu brownies dll Tekstur: lembut enak Baru sampai langsung eksekusi ternyata rasanya enak beneran tepung ketan hitam asli..makasih seller 1 1 2 ... 7 8 9 10 11 ...,enak tepung ketan hitam guna bolu brownies dll tekstur lembut enak langsung eksekusi enak beneran tepung ketan hitam asli jual,17,1,Positif
"terimakasih seller, barang diterima sesuai pesanan tadinya pilih tepung ini karena ada yang kasih penilaian bahwa enak tekstur tepung nya berpasir tapi ternyata setelah dicoba, bolunya tidak berpasir :( terimakasih expedisi, barang diterima dengan selamat 0:04",terimakasih jual terima sesuai pilih tepung enak tekstur tepung nya pasir coba bolu pasir terimakasih expedisi terima selamat,28,1,Positif
"Tekstur: lembut Rasa: ketan Rasakan: ketan Recommended. Produk bagus, original , kualitas nya bagus, harganya murah karena dpet voucher besar dari Shopee. Paling seneng war vouchee2 Shopee karena dpet hrga sangat murcee makasih 0:05",tekstur lembut ketan rasa ketan rekomendasi bagus original kualitas nya bagus harga murah dpet voucher neng war vouchee dpet hrga murcee,20,1,Positif
Pembelian kedua karena sebelumnya udah pernah beli dan rasa bolunya enak banget. Bahkan sampe temenku nanyain kapan bikin bolu ketan hitam lagi xixixi 0:07 1 e*****y,beli bolu enak sampe temenku nanyain bolu ketan hitam xixixi,3,1,Positif
"Rasa: Enak Tekstur: Lembut tidak berpasir Kegunaan: Cocok untuk membuat bolu ketan, warnanya hitam pekat Dikemas dengan aman jadi tidak takut bocor, lapisan 1 plastik bertuliskan warning fragile, lapisan 2 menggunakan bubble wrap, lapisan 3 menggunakan plastik bening. 2 d*****5",enak tekstur lembut pasir guna cocok bolu ketan warna hitam pekat kemas aman takut bocor lapis plastik tulis warning fragile lapis bubble wrap lapis plastik bening,2,1,Positif
Rasa: enak Tekstur: lembut Kegunaan: kue Pengiriman cepat packaging aman terimakasih seller kurir dan shopee 0:05,enak tekstur lembut guna kue kirim cepat packaging aman terimakasih jual,17,1,Positif
Rasa: baik Kegunaan: cocok buat kue Tekstur: lembut Tepung ketan hitam nya bagus pengemasan baik ekp Desember nanti 0:08 1 1 2 ... 8 9 10 11 12 ...,guna cocok kue tekstur lembut tepung ketan hitam nya bagus emas ekp desember,3,1,Positif
Rasa: Ketan hitam Tekstur: bagus Kegunaan: Buat kue Mantap ne sesuai rasanya jg enak trima kasih bnyk 0:05,ketan hitam tekstur bagus guna kue bagus ne sesuai enak trima bnyk,10,1,Positif
Rasa: enak Tekstur: seperti tekstur tepung ketan pada umumnya Kegunaan: cocok untuk bolu ketan hitam 0:04,enak tekstur tekstur tepung ketan guna cocok bolu ketan hitam,6,1,Positif
"Rasa: enak legit khas ketan hitam Tekstur: halus tapi butiran.a masih terasa karena mungkin di oven tepung.a Kegunaan: membuat cake Rasa.a enak legit, kenyal khas ketan hitam, warna.a juga cantik pekat, karena ini tepung full oven jadi walau dikukus butiran.a masih aga terasa tp ttp ok bukan yg berpasir gimana gitu 3 dwiriy19",enak legit khas ketan hitam tekstur halus butir oven tepung guna cake enak legit kenyal khas ketan hitam warna cantik pekat tepung full oven kukus butir aga ttp ok pasir gitu dwiriy,17,1,Positif
Rasa: kaya rasa dan legit Tekstur: lembuttt dan nyaman di mulut Kegunaan: cocok bust bolu ketan hitam bapak ibu Terimakasih yaaa udah ciptain ini 0:11,kaya legit tekstur lembuttt nyaman mulut guna cocok bust bolu ketan hitam terimakasih yaaa ciptain,15,1,Positif
"Maaf kelupaan baru memberikan ulasan. Barang keterima dalam keadaan baik, packingnya safety 0:16",maaf lupa ulas terima kemas safety,8,1,Positif
"Rasa: rasanya enak dan memuaskan Tekstur: memiliki textur yg bagus Kegunaan: cocok untuk membuat kue Barang cepet datang,  kemasannya bagus tidak ada yang bocor atau sobek, semoga kueku makin laris 0:05 1 1 2 ... 9 10 11 12 13 ...",enak muas tekstur milik textur bagus guna cocok kue cepet kemas bagus bocor sobek kue laris,18,1,Positif
"Rasa: enak,empuk,wangi ketan'y berasa.pertahankan kualitas ya kak. Orderan yg ke dua, order 3pc tp dikirim 2pc. Tp alhamdulillah seller'y gercep lngsung refund kekurangan'y.. Mkasih byk ya kak,semoga slalu dilancarkan usaha'y....aamiin 1 r*****y",enak empuk wangi ketan asa tahan kualitas order pc kirim pc jual cepat lngsung refund kurang byk slalu lancar usaha,28,1,Positif
"Packingaan rapi, produk aman sampai tujuan. Dapet harga promo 8 8. Kali pertama beli  semoga enak rasanya. Terima kasih seller 0:30",packingaan rapi aman tuju dapet harga promo enak jual,20,1,Positif
"Rasa: pas Tekstur: lembut Kegunaan: untuk bahan kue makasih tepung ketan ny sudah smp, kualitas bagus ..hrg terjangkau .. pengiriman cepat packing rapi.. makasih reseller👍🏻 0:07",pas tekstur lembut guna bahan kue tepung ketan ny smp kualitas bagus hrg jangkau kirim cepat kemas rapi reseller,18,1,Positif
"Rasa: enak bgt legit Tekstur: teksturnya ringan Kegunaan: cocok untuk bolu ketan hitam🥰💸 Aku suka bgt sama warnanya, warnanya tuh dapet bgt💕",enak legit tekstur tekstur ringan guna cocok bolu ketan hitam suka warna warna tuh dapet,17,1,Positif
Rasa: baru mau coba semoga enak Tekstur: sangat lembut Kegunaan: cocok untuk membuat berbagai macam kue 0:04,coba enak tekstur lembut guna cocok kue,12,1,Positif
Ke 2x nya beli tepung ketan disini. Tepungnya lembut harum dan tidak masir di bolunya. Pokoknya enak. 1 1 2 ... 10 11 12 13 14 ...,nya tepung ketan tepung lembut harum masir bolu pokok enak,13,1,Positif
Rasa: belum dicoba semoga enak Tekstur: memiliki tekstur yang halus Kegunaan: cocok untuk membuat kue belum dicoba semoga enak dan kadaluarsa nya juga masih jauh 1 tahun 0:08 1 m*****9,coba enak tekstur milik tekstur halus guna cocok kue coba enak kadaluarsa nya,20,1,Positif
"Cocok Untuk: bahan kue Kualitas: bagus Alhamdulillah paket sampai dengan selamat,,, packing nya pun aman terimakasih 0:07 1 a*****2",cocok bahan kue kualitas bagus selamat kemas nya aman terimakasih,20,1,Positif
"Rasa: enak Tekstur: tekstur khas tepung ketan hitam, kres kres Kegunaan: untuk membuat bolu kukus Saran aja kalo bisa bubble wrapnya jangan cuma selapis (atau dilapis kardus disalah satu atau dua sisinya) kena cutter dikit auto ambyar kemasan plastiknya makasih 🙏 0:07 1 laras.trisnanti",enak tekstur tekstur khas tepung ketan hitam kres kres guna bolu kukus saran kalo bubble wrapnya selap lap kardus salah sisi kena cutter dikit auto ambyar kemas plastik laras trisnanti,-8,0,Negatif
"Dibikin bolu jd bagus. Lembut, ngembang sempurna. Menul² banget gais... Dukung UMKM🥰 2 ikketheaa | Langganan",bikin bolu jd bagus lembut ngembang sempurna menul gais dukung umkm ikketheaa langgan,11,1,Positif
Paketnya sampai mksih seller dan kurir🙂 0:07 1 ucial_07,paket mksih jual ucial,5,1,Positif
Rasa: enakk dan puass Tekstur: haluss tidak kasar Kegunaan: cocok bangett buat boluu Orderr ke2× nya😍😍 1 1 2 ... 11 12 13 14 15 ...,enak puass tekstur haluss kasar guna cocok bangett boluu orderr nya,8,1,Positif
Paketnya sampai mksih seller dan kurir🙂 0:07 1,paket mksih jual,5,1,Positif
"Rasa: tawar Tekstur: lembut Kegunaan: untuk kue bolu Kemasan aman , dr segi harga juga muraj dibanding yg lain , pengiriman cepat dan kwalitas ok 0:09 1 m*****3",tawar tekstur lembut guna kue bolu kemas aman segi harga muraj banding kirim cepat kwalitas ok,11,1,Positif
Cocok Untuk: bolu kukus dan bolu panggang Kualitas: sangat baik sekali 1 r.andini.p,cocok bolu kukus bolu panggang kualitas andini,10,1,Positif
"Cocok Untuk: kue bolu Barang sampai dgn aman ga, nyru tepung ketan hitam susah bgt pada mahal2 dsni masih agak terjangkau 0:07 1 juhartiyah",cocok kue bolu aman nyru tepung ketan hitam susah mahal dsni jangkau juhartiyah,-2,0,Negatif
Cocok Untuk: buat kue ketan hitam viral Kualitas: sangat bagus warnanya sangat hitam bagus banget buat bikin bolu ketan hitam viral 0:04 1 dwiriy19,cocok kue ketan hitam viral kualitas bagus warna hitam bagus bolu ketan hitam viral dwiriy,0,0,Negatif
Ini ketan terbaik bener deh aku suka banget cocok buat bolu aku sukaaa 0:04,ketan baik bener suka cocok bolu sukaaa,13,1,Positif
Rasa: pas Tekstur: halus Kegunaan: cocok tuk bikin kueh 0:10 1 1 2 ... 12 13 14 15 16 ...,pas tekstur halus guna cocok kueh,8,1,Positif
Rasa: pas di lidah dan tidak terlalu manis Tekstur: memiliki tekstur yang bagus Kegunaan: cocok untuk membuat kue yg lezat 0:28,pas lidah manis tekstur milik tekstur bagus guna cocok kue lezat,21,1,Positif
"Rasa: enak Tekstur: lembut Kegunaan: cocok untuk dibuat kue Alhamdulillah pesanannya sudah sampai,barangnya sesuai pesanan,cocok untuk dibuat bolu ketan 0:06",enak tekstur lembut guna cocok kue pesan barang sesuai cocok bolu ketan,19,1,Positif
Rasa: tepung ketan hitam untuk bikin kue belum di coba semoga enak kue nya sesuai selers 0:04,tepung ketan hitam kue coba enak kue nya sesuai selers,6,1,Positif
"Produk seperti diskripsi, peoduk tdk rusak saya terima. Terima kasih 1 yellysany",skripsi peoduk tdk rusak yellysany,3,1,Positif
Rasa: ketan hitam Tekstur: bubuk Kegunaan: bikin bolu Sudah chat admin minta dikirim pakai dus takutnya pecah atau sobek tapi ternyata dikirim ga pakai dus untungnya aman ga DA yg bocor 0:14 1 nabilaazra_11,ketan hitam tekstur bubuk guna bolu chat admin kirim pakai dus takut pecah sobek kirim pakai dus untung aman da bocor nabilaazra,-4,0,Negatif
"Rasa: memuaskan enakk Kegunaan: cocok untuk bolu Tekstur: lembut, tidak terlalu berpasir Penjual responsif, barang juga cepat sampai, rasanya enak, teksturnya bagus 2 1 2 ... 13 14 15 16 17 ...",muas enak guna cocok bolu tekstur lembut pasir jual responsif cepat enak tekstur bagus,26,1,Positif
Cocok Untuk: makanan Kualitas: ok Alhamdulillah sudah sampai pesanan saya. Anak saya suka sekali. Bagus sekali. Barakallah. Recomended seller. 0:06 1 w*****g,cocok makan kualitas ok anak suka bagus barakallah recomended jual,16,1,Positif
Rasa: memuaskan Tekstur: lembut Kegunaan: untuk kue Terimakasih semoga cocok untuk buat kue . Mudah mudahan beli kembali . Terimakasih 0:06 1 herawardana,muas tekstur lembut guna kue terimakasih cocok kue mudah mudah terimakasih herawardana,28,1,Positif
Rasa: mantap Kegunaan: cocok untuk membuat Kue Tekstur: sangat Halus 1 s*****l,bagus guna cocok kue tekstur halus,7,1,Positif
"Kualitas: lumayan Cocok Untuk: kue bolu, putu ayu Alhamdulillah sudah sampai, untuk packing mohon ditingkatkan lagi soalnya masih pakai plastik depany 0:10 2 kasringga",kualitas lumayan cocok kue bolu putu ayu kemas mohon tingkat pakai plastik depany kasringga,15,1,Positif
"Jenis: ketan hitam Harga: murah Kualitas: Belum tau Sudah sampe tepung nya, packing an nya aman banget, di pakek in bubble wrap,, datang sesuai pesanan , 2 bungkus, tapi yg satu bungkus ada lubang kecil, jadi sedikit buyar tepung nya pas di buka tadi, tp ngk pp deh. Terima kasih 0:13 1 anggi_fitriana | Langganan",jenis ketan hitam harga murah kualitas tau sampe tepung nya kemas an nya aman pakek in bubble wrap sesuai bungkus bungkus lubang buyar tepung nya pas buka ngk pp anggi fitriana langgan,13,1,Positif
Jenis: bubuk ketan hitam Harga: murah Kualitas: baik 1 1 2 ... 14 15 16 17 18 ...,jenis bubuk ketan hitam harga murah kualitas,1,1,Positif
"Pesanan sudah sampai kk. Terimakasih. Terlihat kualitas nya bagus. Baru mau coba, smoga hasilnya memuaskan.",kk terimakasih kualitas nya bagus coba smoga hasil muas,21,1,Positif
"Paket sudah sampai dengan keadaan baik, terimakasih 0:13 1 c*****d",terimakasih,5,1,Positif
Pengirimannya cepat packingannya aman pake bubble. Mau bikin bolu ketan hitam smoga jadi,kirim cepat packingannya aman pakai bubble bolu ketan hitam smoga,1,1,Positif
"Rasa: enak Tekstur: lembut Kegunaan: cocok untuk kue Alhamdulillah paket sdh sampai, pengiriman cpt, packing rapi, hrga oke dan realpict. Terimakasih seller",enak tekstur lembut guna cocok kue kirim cpt kemas rapi hrga realpict terimakasih jual,24,1,Positif
"Desain sangat menanrik dan bagus, ukuran pas dan sesuai, kualitas bagus dan memuaskan 0:04",desain menanrik bagus ukur pas sesuai kualitas bagus muas,26,1,Positif
Rasa: enak Tekstur: lembut Kegunaan: untuk membuat bolu ketan hitam Alhamdulillah dapet harga murah pas 11.11.. Pengiriman cepat.. Rasa enal,enak tekstur lembut guna bolu ketan hitam dapet harga murah pas kirim cepat enal,18,1,Positif
"Rasa: enak Tekstur: bagus Kegunaan: untuk kue Alhamdulillah paket sdh sampai, pengiriman cpt, packing rapih, hrga oke dan realpict. Terimakasih seller",enak tekstur bagus guna kue kirim cpt kemas rapih hrga realpict terimakasih jual,19,1,Positif
Alhamdulillah paket sudah diterima pengiriman barang cepat barang sesuai pesanan kurir ramah 1 fitriaevisriwianti,terima kirim cepat sesuai ramah fitriaevisriwianti,15,1,Positif
"Mudah mudahan ketan hitam asli...sesuai harga lah,,,makasih 1 jendelabukushop",mudah mudah ketan hitam asli sesuai harga jendelabukushop,12,1,Positif
Rasa: Lumayan Tekstur: lembut Kegunaan: cocok untuk ketan hitam Buat pemula cocok untuk jualan ketan hitam 0:04,lumayan tekstur lembut guna cocok ketan hitam mula cocok jual ketan hitam,0,0,Negatif
Rasa: tawar blm diolah Tekstur: halus Kegunaan: untuk membuat kue Semoga bisa menjadi langganan. Untuk membuat kue tepung ketan hitam. 0:24,tawar olah tekstur halus guna kue langgan kue tepung ketan hitam,-5,0,Negatif
"Kegunaan: untuk ketan hitam Mantap, barang aman sampai tujuan, langganan di toko ini, terimakasih seller 0:04 1 1 2 ... 16 17 18 19 20 ...",guna ketan hitam bagus aman tuju langgan toko terimakasih jual,10,1,Positif
Jenis: tepung Harga: lumayan Kualitas: okee Rencana mau bikin kue pas mudik nnti d sanah..mksih seller dan kurir🙂 0:22 1 m*****8,jenis tepung harga lumayan kualitas rencana kue pas mudik nnti sanah mksih jual,11,1,Positif
"Alhamdulillah barangnya sampai dengan dengan selamat dan barang yang datang sesuai pesanan saya , paking nya aman dan rapih. 1 w*****a",barang selamat sesuai paking nya aman rapih,8,1,Positif
Kualitas: ok Cocok Untuk: saya Sesuaiiiii murahhh 1 lustyto_hermawan,kualitas ok cocok sesuaiiiii murah lustyto hermawan,15,1,Positif
alhamdulillah paket sudah datang pgiriman cepat pgemasan rapih 0:05,pgiriman cepat pgemasan rapih,3,1,Positif
"Kegunaan: untuk membuat kue Di offline nyarinya agak susah, baru mau coba semoga hasilnya memuaskan👍👍",guna kue offline nyarinya susah coba hasil muas,8,1,Positif
"Rasa: belum tahu Kegunaan: roti Kualitas: belum tahu baru coba Pesanan sudah saya ambil , ednya tidak jelas /tidak ada , kode produksinya juga tidak ada, packing baik 1:01 1 1 2 ... 17 18 19 20 21 ...",guna roti kualitas coba ambil ednya kode produksi kemas,2,1,Positif
"Tekstur: ok Rasa: ok Rasakan: ok terima kasih kakak seller, paket sudah sampai di rumah dengan baik, aman, lengkap, cepat, Alhamdulillah... 0:08",tekstur ok ok rasa ok jual rumah aman lengkap cepat,19,1,Positif
Jenis: tepung Harga: murah Kualitas: bagus Sekian kali nya beli di sini Masih aman aja sih 0:21 1 k*****6,jenis tepung harga murah kualitas bagus sekian nya aman,12,1,Positif
"Alhamdulillah paket udah nyampe tadi sore, maaf baru bisa kasih ulasan. Thanks seller, bang kurir dan shoppe 0:04 1 nindy.ps",nyampe sore maaf ulas jual shoppe nindy ps,3,1,Positif
sesuai pesanan.. sesuai gambar.. terimakasih 0:23 1 selaisegar,sesuai sesuai gambar terimakasih selaisegar,13,1,Positif
"Salah variant, harusnya satunya tepung sagu tp yaudah lh 1 indhiera",salah variant satu tepung sagu yaudah lh indhiera,0,0,Negatif
Rasa: ketan hitam Tekstur: halus Kegunaan: utk kue Okeee 1 1 2 ... 18 19 20 21 22 ...,ketan hitam tekstur halus guna kue okeee,-3,0,Negatif
Makasih shopee buat diskonnya jadi bisa beli barang ini deh 0:04,diskon,2,1,Positif
Makasih shopee buat diskonnya jadi bisa beli barang ini deh 0:05,diskon,2,1,Positif
Rasa: gak begitu pro sih Tekstur: masih kasar Kegunaan: kue ketan Rasanya terlalu organik jd berasa kerasa sekali berasnya 0:05,pro tekstur kasar guna kue ketan organik jd asa rasa beras,2,1,Positif
"Niatnya mau bikin bolu ketan, tapi belum juga, hahaha... karena takut susah nyari di toko2, akhirnya beli online, deh. 0:07 1 wetriyputri",niat bolu ketan hahaha takut susah nyari toko online wetriyputri,-4,0,Negatif
Terima kasih Seller pesanan sudah diterima dengan baik 🙏🏼👍🏼 1 1 2 ... 19 20 21 22 23 ...,jual terima,3,1,Positif
Alhamdulillah paketannya sudah sampai..pengiriman cepat..packing aman..ga ada kebocoran..harga murah..toko amanah..makasih seller..makasih shopee..makasih abang kurir 0:27,paket kirim cepat kemas aman bocor harga murah toko amanah jual abang,20,1,Positif
"Rasa: belum dicoba Tekstur: belum dicoba Kegunaan: bolu kukus belum dicoba , semoga berhasil buat bolu ketan hitam, terimakasih seller semoga sukses selalu seller 0:08",coba tekstur coba guna bolu kukus coba hasil bolu ketan hitam terimakasih jual sukses jual,16,1,Positif
Rasa: ketan Tekstur: halus Kegunaan: u kue Paket sdh di terima. Mkasih seller n kurir... 1 r*****s,ketan tekstur halus guna kue jual,2,1,Positif
"Mantap, barang aman sampai tujuan, langganan di toko ini, terimakasih seller 0:04 1 bittersweet.cake | Langganan",bagus aman tuju langgan toko terimakasih jual bittersweet cake langgan,15,1,Positif
Barang oke harga sesuai kualitas pengiriman cepat sesuai.. maaf foto ga bisa sesuai ..... 0:05 1 r*****s,harga sesuai kualitas kirim cepat sesuai maaf foto sesuai,26,1,Positif
"Mantap, repeat order disini, karna amanah & pengiriman cepat. Terimakasih banyak seller 0:04 1 1 2 ... 20 21 22 23 24 ...",bagus amanah kirim cepat terimakasih jual,18,1,Positif
Rasa: rasanya enak dan lembut Tekstur: masih ada kaya berpasir GT tapi GK bikin seret 1 x8mcx0cjay,enak lembut tekstur kaya pasir gt gk seret xmcxcjay,7,1,Positif
"Terima kasih sudah sampai , exp panjang ..Cocok buat bolu 0:04",exp cocok bolu,4,1,Positif
Rasa: ketan hitam Kegunaan: cocok untuk membuat bolu ketan hitam Tekstur: halus dan lembut 0:14 1 gitadp,ketan hitam guna cocok bolu ketan hitam tekstur halus lembut gitadp,-3,0,Negatif
"Rasa: sanagat enak mungkin karna tepungnya ada proses oven Tekstur: lembut Kegunaan: bolu kukus Ke 4 kali beli emang rasanya beda sama yg biasa dipasaran, ini teksturnya lebih lembut dan enak",sanagat enak tepung proses oven tekstur lembut guna bolu kukus emang beda pasar tekstur lembut enak,6,1,Positif
"iseng beli merk ini karena merk sebelah kosong , ternyata enak gaes , tidak berpasir dan warna hitam pekat. rekomen 👍🏼 1 n*****y",iseng merk merk belah kosong enak gaes pasir warna hitam pekat rekomen,-11,0,Negatif
Pesanan mendarat dengan baik dan cepat Terimakasih banyak yah kakak .. Next order disini lagii ..😊 0:06 1 1 2 ... 21 22 23 24 25 ...,darat cepat terimakasih lagi,6,1,Positif
"Datang langsung eksekusi, tepung ketan item nya bagus, Hasil nya jdi kya brownies item banget, wangi lagi 1 l*****3",langsung eksekusi tepung ketan nya bagus hasil nya jdi kya brownies wangi,12,1,Positif
"Kegunaan: untuk membuat kue Tekstur: tepung Pengiriman agak lama, tidak ada kode produksi maupun exp date 0:04 2 y*****i",guna kue tekstur tepung kirim kode produksi exp date,0,0,Negatif
"Pengemasan rapi pengiriman cepat barang dan jumlah sesuai pesanan,harga mirah,makasih banyak 0:13",emas rapi kirim cepat sesuai harga mirah,14,1,Positif
Alhamdulillah paket sudah sampai di rumah. Tidak ada yang rusak. Pengingiman aman. Cepat juga. Harga nya murah. Aroma ketan dari tepung nya kuat banget ya Bun. Beli ini karena fomo pengen buat bolu ketan keju lumer. Dan. Berhasil. Terimakasih. 1 w*****l,rumah rusak pengingiman aman cepat harga nya murah aroma ketan tepung nya kuat bun fomo ken bolu ketan keju lembut hasil terimakasih,28,1,Positif
"Cocok buat masak kue keran hitam kukus.. Warna hitamnya pas, rasa ketan hitamnya dapat dan nggak ada after taste aneh aneh.. Gas kalau mau beli..",cocok masak kue keran hitam kukus warna hitam pas ketan hitam after taste aneh aneh gas,-3,0,Negatif
Rasa: khas ketan hitam Tekstur: berpasir Kegunaan: bolu Suka d sesuai harga.,khas ketan hitam tekstur pasir guna bolu suka sesuai harga,10,1,Positif
Rasa: berasa ketannya Kegunaan: cocok untuk membuat kue Tekstur: lembut pesen ini buat nyoba yg lagi virallll 1 nandarafflesiagunodihardjo,asa ketan guna cocok kue tekstur lembut sen nyoba virallll nandarafflesiagunodihardjo,8,1,Positif
"Bagus, warna hitam, rasa ketan bagus, tepung ketan bersih, 1 amhsnh23",bagus warna hitam ketan bagus tepung ketan bersih amhsnh,0,0,Negatif
"Kualitas: bagus banget dibikin kue ga bantat, rasanya enak murni ketan hitam asli 1 p*****s",kualitas bagus bikin kue bantat enak murni ketan hitam asli,9,1,Positif
Semoga hasilnya bagus buat bolu ketan kukus Update Penilaian Enakk mantab 1 faizannisas,hasil bagus bolu ketan kukus enak mantab faizannisas,10,1,Positif
hasil kue pake tepung ini sangat mantap 1 1 2 ... 23 24 25 26 27 ...,hasil kue pakai tepung bagus,5,1,Positif
hasil kue pake tepung ini sangat mantap 1,hasil kue pakai tepung bagus,5,1,Positif
"alhamdulilah sudah sampai... nanti kalau sdh dibikin kue, sy upload lagi.. tq 1 rara.marliany",alhamdulilah bikin kue upload rara marliany,3,1,Positif
"Pengiriman lumayan cepat cm 2 hari,barang d bungkus aman,blm d coba untuk rasa mudah² an tepungnya enak,thanks seller 1 prilly.aulia",kirim lumayan cepat cm bungkus aman coba mudah an tepung enak jual prilly aulia,18,1,Positif
"Rasa: blm tau Tekstur: lembut Kegunaan: untuk kue Belum tahu untuk rasa atau gimananya,soalnya blm dicobain 0:05 1 satrianurjagat",tau tekstur lembut guna kue gimananya dicobain satrianurjagat,-3,0,Negatif
1 leniprastyanii,leniprastyanii,0,0,Negatif
"Rasa: enak Tekstur: bagus Kegunaan: untuk kue Alhamdulillah paket sdh sampai, pengiriman cpt, packing rapi, dpt potongan hrga, realpict dwn udh aku coba ternyata enak, cocok bgt buat bolu ketan teksturnya jg lembut ga bgtu berpasir kyk tepung ketan merk lain. Terimakasih seller",enak tekstur bagus guna kue kirim cpt kemas rapi dpt potong hrga realpict dwn coba enak cocok bolu ketan tekstur lembut bgtu pasir kyk tepung ketan merk terimakasih jual,31,1,Positif
Tepungnya murah meriah tapi mantul tidak kalah sama yang harganya lebih mahal top markotop mudah-mudahan banyak yang order bolu di aku dan aku kalau order tepung terus di situ thank you seller 0:14,tepung murah riah bagus kalah harga mahal bagus markotop mudah mudah bolu tepung situ thank you jual,23,1,Positif
"Rasa: pas Tekstur: baik Kegunaan: cocok utk kue Terimakasih seller amanah paket sampai dgn cepat, bahannya bagus pas dan cocok buat aneka kue, tepung lembut dan baik all the best 👍🏻👍🏻👍🏻",pas tekstur guna cocok kue terimakasih jual amanah cepat bahan bagus pas cocok aneka kue tepung lembut all the best,31,1,Positif
Bolunya jdi enaakk... wangi jga tepungnya... recommended pokoknyaa 1 e*****i,bolu jdi enaakk wangi tepung rekomendasi pokoknyaa,4,1,Positif
Rasa: lezat Tekstur: lembut Kegunaan: bikin bolu kukus ketan hitam jd uenaaakk pake tepung ini,lezat tekstur lembut guna bolu kukus ketan hitam jd uenaaakk pakai tepung,2,1,Positif
Rasa: Iri saya bikin bolu ketan pakai ini jadi enakkk,iri bolu ketan pakai enakkk,-5,0,Negatif
Tepung ketan hitam atau keju manis ya mas wkwk tapi kalo yg lain kurang suka yg ini sih wkwk aku juga pernah beli di pasar gitu sih tapi,tepung ketan hitam keju manis wkwk kalo suka wkwk pasar gitu,4,1,Positif
"Tekstur: lembut Kegunaan: u/ bolu dll Blm d cb ...in syaa Alloh enk, udah lm gk bkin bolu ketan item 0:04 1 aasahmadbasit",tekstur lembut guna bolu dll cb in syaa alloh enk lm gk bkin bolu ketan aasahmadbasit,1,1,Positif
Rasa: enak Tekstur: lrmbut Kegunaan: buat keue keyan hitam yg lembut dan gurih 1 salimbakhtiar368,enak tekstur lrmbut guna keue keyan hitam lembut gurih salimbakhtiar,3,1,Positif
Rasa: rasanya enak Tekstur: teksturnya lembut ada krenyes2nya Kegunaan: untuk bolu atau brownis ketan hitam Alhamdulillah mendarat dengan selamat Recommended banget👌,enak tekstur tekstur lembut krenyesnya guna bolu brownis ketan hitam darat selamat rekomendasi,8,1,Positif
"Rasa: enak Tekstur: lembut Kegunaan: buat kue pengiriman cepat tetapi tdk safety , kualitas bagus, harga standar mohon packing yg safety pecah 1pcs bocor 1pcs 0:14",enak tekstur lembut guna kue kirim cepat tdk safety kualitas bagus harga standar mohon kemas safety pecah pcs bocor pcs,19,1,Positif
Packing supercepat dan rapih Kualitas produk oke ssuai deskripsi Pngrimanny cpt bnget 👍👌 1 ze0s_styhc,kemas supercepat rapih kualitas ssuai deskripsi pngrimanny cpt bnget zes styhc,3,1,Positif
Rasa: lezat dan memuaskan Tekstur: halus Kegunaan: untuk membuat kue Alhamdulillah. Dapat tepung ketan hitam original dengan harga murah. Aromanya wangi banget. Khas ketan hitam. Ini mau beli lagi. Pelanggan ku pada suka. Terimakasih ya.,lezat muas tekstur halus guna kue tepung ketan hitam original harga murah aroma wangi khas ketan hitam langgan ku suka terimakasih,27,1,Positif
Rasa: enak dan kenyal Tekstur: memiliki tekstur yg beda dr yg lain LBH lembut tp msha da tekstur khas ketan hitam nya Kegunaan: cocok untuk bikin bolu,enak kenyal tekstur milik tekstur beda lbh lembut msha da tekstur khas ketan hitam nya guna cocok bolu,9,1,Positif
Jenis: tepung Harga: murah Kualitas: bgus Ini hasil dari tepung pulut hitam nya ya Makasih seller 3 falichanura,jenis tepung harga murah kualitas bgus hasil tepung pulut hitam nya jual falichanura,13,1,Positif
1 arapungki.cantik,arapungki cantik,2,1,Positif
Barang diterima baik dan sesuia pesanan...pengiriman cepat.... 0:07 1 septiarisandi,terima sesuia kirim cepat septiarisandi,7,1,Positif
"udah kedua kalinya order tepung ketan disini dan menurut saya jauh lebih enak dr tepung ketan yg biasa aku pakai beli di toko bahan kue, dan warnanya juga hitam pekat pas di jadikan bolu, jadi lebih menarik masyaAllah banget Allah kasih jalan saya untuk belanja di seller inih semoga selalu konsisten..aamiin",kali tepung ketan enak tepung ketan pakai toko bahan kue warna hitam pekat pas jadi bolu tarik masyaallah allah jalan belanja jual inih konsisten,12,1,Positif
"Update Penilaian Bagus bget hasil nya hitam pekat,,rasanya juga enak Mantapp 👍👍👍 1 f*****6",bagus bget hasil nya hitam pekat enak bagus,8,1,Positif
Rasa: enak lezat Kegunaan: bikin bolu Tekstur: lembut Terima kasih seller sudah dikirim dengan baik dan benar serta tidak ada yang minus sedikit pun dan harga juga terjangkau 1 tesataniabdj,enak lezat guna bolu tekstur lembut jual kirim minus harga jangkau tesataniabdj,14,1,Positif
Rasa: tepung Tekstur: lembut Kegunaan: buat kue,tepung tekstur lembut guna kue,1,1,Positif
"Order ke 2 kali.. Rasanya ketam hitam asli, enak berpasir 😋",ketam hitam asli enak pasir,3,1,Positif
Jenis: Cap bummi Harga: Lumayan Kualitas: Belum dicoba 1 muhammadashfiyanur,jenis cap bummi harga lumayan kualitas coba muhammadashfiyanur,10,1,Positif
Halus dan lembut hitam juga klo jd nya 0:32,halus lembut hitam jd nya,-4,0,Negatif
"Tepung ketannya halus dan bersih, kualitas bagus. Cocok banget buat bikin kue tradisional. Pengiriman cepat dan packing rapi. Barang sesuai deskripsi, tepung masih fresh dan tidak menggumpal. Hasil masakan jadi lebih lembut dan pulen. Recommended seller!",tepung ketan halus bersih kualitas bagus cocok kue tradisional kirim cepat kemas rapi sesuai deskripsi tepung fresh gumpal hasil masakan lembut pulen rekomendasi jual,20,1,Positif
Rasa: enak2 aja Kegunaan: buat kue Tekstur: seperti ada bulir2nya Enakk Ga apek Bolu after matang jiga jadi warna hitam  baguss Pandai2 aja kita yy masak 1 joeddtania,enak guna kue tekstur bulir enak apek bolu after matang jiga warna hitam bagus pandai yy masak joeddtania,11,1,Positif
Rasa: enak Kegunaan: mantap Kualitas: ketan hitam asli gurih mantap terimakasih bgt ya jgn ragu beli disini 1 1 2 ... 29 30 31 32 33 ...,enak guna bagus kualitas ketan hitam asli gurih bagus terimakasih jgn ragu,15,1,Positif
Rasa: baik Tekstur: baik Kegunaan: bikin kue Alhamdulillah mendarat dengan selamat sempurna dan lengkap tidak ada komentar jelek 1 taufikdago | Langganan,tekstur guna kue darat selamat sempurna lengkap komentar buruk taufikdago langgan,9,1,Positif
harga murah kualitas oke buat bikin bolu enak dan cepat sampai 1 il1arahja2,harga murah kualitas bolu enak cepat ilarahja,18,1,Positif
"Kegunaan: cocok untk membuat kue Baru pertama kli beli n blm d coba recook,lgsg psn 2 donk",guna cocok untk kue kli coba recook lgsg psn donk,7,1,Positif
1 f_bpxo_0bz,bpxo bz,0,0,Negatif
"Rasa: rasa yang crenyes2 Tekstur: masih ada rasa ketan kasar2 Kegunaan: cocok Sudah buat kwe,,ada rasa ketan yang kreyes... tekstur kasar dikit,,beda sama tepung ketan putih ya( Alus lembut lumer)",crenyes tekstur ketan kasar guna cocok kwe ketan kreyes tekstur kasar dikit beda tepung ketan putih alus lembut lembut,-5,0,Negatif
"Rasa: enak wangi Tekstur: halus Kegunaan: untuk bikin bolu Hasil warnanya bagus, hitam pekat 1 1 2 ... 30 31 32 33 34 ...",enak wangi tekstur halus guna bolu hasil warna bagus hitam pekat,11,1,Positif
Packingan sangat aman.. Dr bentuk nya bahus good quality.. Tdk tahu rasanya,kemas aman bentuk nya bahus good quality tdk,12,1,Positif
Jenis: baik Harga: terjangkau Kualitas: sangaat bagus,jenis harga jangkau kualitas sangaat bagus,9,1,Positif
"Murah sih tp beratnya tdk ada 500 gram, 500 kurang dikit",murah berat tdk gram dikit,-1,0,Negatif
Cocok Untuk: bikin kue Kualitas: bagus Akhirya yang di tunggu datNg juga udah gk sabar pengwn bikin semoga enak bisa buat beli lagi,cocok kue kualitas bagus akhirya tunggu datng gk sabar pengwn enak,21,1,Positif
1 aw389d478a,awda,0,0,Negatif
Tepungnya mantap untuk bolu ketan hitam langganan terus thank you seller pertahankan mudah-mudahan next time dapat diskon lagi,tepung bagus bolu ketan hitam langgan thank you jual tahan mudah mudah time diskon,16,1,Positif
"pengiriman cepet, tepungnya bagus",kirim cepet tepung bagus,6,1,Positif
Aman sampai tempat ♥️,aman,0,0,Negatif
"Rasa: enak Tekstur: lembut Kegunaan: untuk buat kue Tepung yg bagus untuk bolu keju lumer, tepungnya wangi g apek, langganan beli disini",enak tekstur lembut guna kue tepung bagus bolu keju lembut tepung wangi apek langgan,10,1,Positif
Rasa: kue Tekstur: lembut Kegunaan: cocok bikin inan kue,kue tekstur lembut guna cocok inan kue,5,1,Positif
"Rasa: gurih Tekstur: sedikit ada kasarnya Kegunaan: bahan kue bolu, kue basah. Ini produk tidak apek, beda sama merk yg laen",gurih tekstur kasar guna bahan kue bolu kue basah apek beda merk laen,-7,0,Negatif
"Rasa: enak, mungkin sedikit kurang kuat rasa ketannya. tapi oke bgt, tekstur nya juga ke bolu ga kasar bgt (aku saring dulu). warnanya juga item pekat. Kegunaan: bolu kukus ketan Tekstur: umumnya bolu kukus ketan, ga bantet, tapi gatau kenapa di aku kurang ngembang dikit tp ga bantet. tapi aku bakal repeat order sih kek nya. soalnya bener2 ga yang jadi abu2 atau minim rasa ketan hitamnya (masih sedikit strong). 0:20",enak kuat ketan tekstur nya bolu kasar saring warna pekat guna bolu kukus ketan tekstur bolu kukus ketan bantet gatau ngembang dikit bantet kek nya bener abu minim ketan hitam strong,-4,0,Negatif
"Rasa: lezat Tekstur: lembut Kegunaan: cocok untuk bahan kue Baru nyoba Produk nya, hasil empuk & kenyal kuenya....",lezat tekstur lembut guna cocok bahan kue nyoba nya hasil empuk kenyal kue,13,1,Positif
Sudah sampai semoga rasa tepung ketan hitam nya enak dan bisa pesen lagi deh hehehe 1 asti001242,tepung ketan hitam nya enak sen hehehe asti,1,1,Positif
Rasa: GK tau gi mau d coba Tekstur: lembut Kegunaan: untuk membuat kue Sesuai ekspektasi cuman blum tau hasil nya.. lgi mau d coba buat bikin kue bolu lumer..,gk tau gi coba tekstur lembut guna kue sesuai ekspektasi cuman blum tau hasil nya coba kue bolu lembut,3,1,Positif
Rasa: pas Tekstur: bagus Kegunaan: untuk kue Mndrt dngn slmt dan bagus,pas tekstur bagus guna kue mndrt dngn slmt bagus,8,1,Positif
Rasa: memuaskan Tekstur: lembut Kegunaan: buat kue lezat,muas tekstur lembut guna kue lezat,11,1,Positif
Rasa: lezat Tekstur: lembut Kegunaan: cocok bikin kue,lezat tekstur lembut guna cocok kue,10,1,Positif
"Rasa: blm di rasain,tunggu di kirimin dari mertua aja 🤭 Kegunaan: buat bolu mertua",rasain tunggu kirimin mertua guna bolu mertua,-1,0,Negatif
"Order yg ke 2kalinya karena paling murah,dan rasa kue nya jadi ga krenyes2 bangett enakk",kali murah kue nya krenyes bangett enak,6,1,Positif
Rasa: enak bgt Tekstur: lembut Kegunaan: cocok untuk makanan yg lezat,enak tekstur lembut guna cocok makan lezat,16,1,Positif
Tepung ketan hitam atau keju manis ya mas hehe makasih infonya mbak wkwk tapi saya juga pernah nyoba sih enak kok mas wkwk cuma emang gak,tepung ketan hitam keju manis hehe info wkwk nyoba enak wkwk emang,3,1,Positif
"Sesuai dengan selera, thankyou seller dan abang kurir, sukses selalu",sesuai selera thankyou jual abang sukses,10,1,Positif
Seenak ituhhhh Ini aku udh co lagi langsung beli dua,enak ituhhhh co langsung,8,1,Positif
"Jenis: tepung Harga: standar Kualitas: bagus Udh di coba bikin boku ketan, enak, tp anak Q g suka",jenis tepung harga standar kualitas bagus coba boku ketan enak anak suka,14,1,Positif
"Barang sesuai pesanan, kualitas ok",sesuai kualitas ok,11,1,Positif
Rasa: memuaskan Tekstur: lembut,muas tekstur lembut,5,1,Positif
Rasa: ketan hitam Tekstur: lembut seperti tepung Kegunaan: untuk membuat kue boltem,ketan hitam tekstur lembut tepung guna kue boltem,-3,0,Negatif
"Terimakasih banyak atas pengirimannya 👍👍 semoga semakin bertambah sukses laris manis dan berkah usahanya, aamiin",terimakasih kirim tambah sukses laris manis berkah usaha,23,1,Positif
Jenis: bubuk Harga: tetjangkau Kualitas: ok Langgan ajj Next order lagi 🙏🙏,jenis bubuk harga tetjangkau kualitas ok langgan ajj,8,1,Positif
"Tepungnya tidak kasar, halus sekali Rasa enak Aroma sedap",tepung kasar halus enak aroma sedap,10,1,Positif
alhamdulillah sudah sampai... jadi bisa bikin kue bolu lumer 1 m4m4ica,kue bolu lembut mmica,0,0,Negatif
Selalu berlangganan beli tepung disini... Enak tidak bau dan hitam pekat,langgan tepung enak bau hitam pekat,-1,0,Negatif
Jenis: baik Harga: ok Kualitas: baik,jenis harga ok kualitas,11,1,Positif
Mantap sesuai dengan keinginan anda dan kami ucapkan banyak terima kasih atas kunjungan Anda selamat,bagus sesuai ucap kunjung selamat,11,1,Positif
Rasa: enak Tekstur: lembut Kegunaan: cake ketan hitam Sudah 2x beli di sini dapat harga murah tapi kualitas sama dgn yg harga mahal Update Penilaian Tepung ketan hitam ini harganya ekonomis tapi kualitas ok seperti yg harganya mahal 0:10,enak tekstur lembut guna cake ketan hitam harga murah kualitas harga mahal tepung ketan hitam harga ekonomis kualitas ok harga mahal,30,1,Positif
"Brg cepat sampai baru pertama kali beli ini, semoga gorengan enak dan krispi.",cepat goreng enak krispi,9,1,Positif
"Jenis: Tepung Harga: 6 ribuan Kualitas: baik Paket sampai dengan aman sesuai pesanan,tapi expired nya ga keliatan euy",jenis tepung harga ribu kualitas aman sesuai expired nya liat euy,12,1,Positif
Rasa: enak dan aromanya wangi Tekstur: lembut Kegunaan: buat cake Cocok dengan merk yg ini,enak aroma wangi tekstur lembut guna cake cocok merk,14,1,Positif
Kalo bgus aku order yg banyak yah Kaka dsni Packing aman  meskipun pakai plastik tapi alhamdulilah selamat sampai sini,kalo bgus kaka dsni kemas aman pakai plastik alhamdulilah selamat,11,1,Positif
Rasa: meemuaskan Kegunaan: cocok bikin bolu Tekstur: bagus pas,meemuaskan guna cocok bolu tekstur bagus pas,10,1,Positif
Suka bgt bagus banget pokoknya Sukses trs toko nya amanah terus dan lari manis terusss🥰🥰,suka bagus pokok sukses trs toko nya amanah lari manis terusss,19,1,Positif
"Hasil kue nya jadi wangii, suka 👍",hasil kue nya wangi suka,10,1,Positif
Lebih enak dr merk 1 lg yg pernah dcoba. Pulen gt dibikin bolu kukus,enak merk dcoba pulen gt bikin bolu kukus,5,1,Positif
barang bagus cepat sampai kualitas oke harga murah pokoknya juara,bagus cepat kualitas harga murah pokok juara,18,1,Positif
"Selalu puas, packing aman,,, udh langganan beli disni",puas kemas aman langgan disni,8,1,Positif
"Buat bikin bolu, wanginya jadi lebih enak",bolu wangi enak,9,1,Positif
Baru pertama x coba. Jadi belum tau hasilnya enal atau tidak. Bagus atau tidak. Kalau hasil nya bagus next order lagi 0:23 1 jalebiprasad,coba tau hasil enal bagus hasil nya bagus jalebiprasad,8,1,Positif
Harga: murah Kualitas: bagus,harga murah kualitas bagus,12,1,Positif
Hitam.pekat legit setelah di masak,hitam pekat legit masak,2,1,Positif
Rasa: lezat Tekstur: bagus Kegunaan: kue lezat Bagus,lezat tekstur bagus guna kue lezat bagus,15,1,Positif
"pengiriman sangat cepat, 1 hari pesan sdh sampai.. terimakasih seller",kirim cepat pesan terimakasih jual,13,1,Positif
Rasanya enak lembut bolunya pokoknya rekomended dah yg ke 3 kali beli ditoko ini makasih seller pengirimannya cepat banget,enak lembut bolu pokok rekomendasi dah toko jual kirim cepat,11,1,Positif
Rasa: lezat Tekstur: lembut tdk berpasir Kegunaan: membuat kue Warnanya pekat merk ini sukaa sekalii...next order disini terus thank you,lezat tekstur lembut tdk pasir guna kue warna pekat merk sukaa sekali thank you,9,1,Positif
Rasa: enak tidak berpasir Tekstur: tekstur bagus Kegunaan: cocok membuat kue Pengiriman agak lama,enak pasir tekstur tekstur bagus guna cocok kue kirim,14,1,Positif
Dibuat bolu ketan hitam enak banget,bolu ketan hitam enak,1,1,Positif
"Rasa: rasanya enak sekali cocok dibuat utk bronis kukus,semua teman mpe tanya beli dimana",enak cocok bronis kukus teman mpe mana,9,1,Positif
"Sudah sampai, aman no bocor bocor, semoga enak buat bikin kue"" ...harga terjangkau dan exp masih aman .. 1 boahancock06",aman no bocor bocor enak kue harga jangkau exp aman boahancock,0,0,Negatif
"Tepungnya enak, ga bau. Murah juga makasiiii 🥰🫶🏻 0:15",tepung enak bau murah makasiiii,4,1,Positif
Tepung ketan bummi tanni mantul legit no debat😍😍😍,tepung ketan bummi tanni bagus legit no debat,9,1,Positif
"Bagus buat bikin kue ,,, lembutb",bagus kue lembutb,2,1,Positif
"Rasa: enak Tekstur: bagus Kegunaan: untuk kue Alhamdulillah paket sdh sampai, pengiriman cpt, packing rapih, hrga oke & barangnya realpict. Terimakasih seller",enak tekstur bagus guna kue kirim cpt kemas rapih hrga barang realpict terimakasih jual,19,1,Positif
Rasa: enak Tekstur: lembut Kegunaan: bolu ketan hitam Terimakasih seller,enak tekstur lembut guna bolu ketan hitam terimakasih jual,8,1,Positif
pengiriman sngat cpat .,kirim sngat cpat,2,1,Positif
Blm dicoba...bungkusnya bocor 1 1 2 ... 42 43 44 45 46 ...,coba bungkus bocor,-2,0,Negatif
Blm dicoba...bungkusnya bocor 1,coba bungkus bocor,-2,0,Negatif
Pesenan ke dua kli nya lngsung 2 😍,sen kli nya lngsung,0,0,Negatif
Paket sudah sampai. Ketannya rasanya enak dan warnanya juga bagus kalautuk bolj kukus. Langganam aku suka. Thanks seller dan shopee,ketan enak warna bagus kalautuk bolj kukus langganam suka jual,11,1,Positif
Akhirnya datang jugaa.. Makasiiii,jugaa makasiiii,0,0,Negatif
Langganan pokoknya kak maksii ya kak sudah amanah,langgan pokok maksi amanah,10,1,Positif
Semoga enak nanti di bikin bolu..,enak bolu,5,1,Positif
Mntp pisan pokonyaaa😍,mntp pis pokonyaaa,0,0,Negatif
Rasa: enak Tekstur: lembut Kegunaan: untuk buat bolu,enak tekstur lembut guna bolu,6,1,Positif
"Premium. Belum coba si, besok baru mau baking",premium coba si besok baking,4,1,Positif
"Tekstur: lembut Rasa: enak Alhamdulillah paket sdh sampai, pengiriman cpt, packing rapih, hrga oke & barangnya realpict. Terimakasih seller",tekstur lembut enak kirim cpt kemas rapih hrga barang realpict terimakasih jual,16,1,Positif
"Bikin yg lagi viral,,enak juga pake merk ini,thank u seller",viral enak pakai merk thank jual,10,1,Positif
"Meskipun beki 1 tetep dikirim dong packingnya aman banget lagi,,, makasih ya min",bek tetep kirim kemas aman,5,1,Positif
Makasih banget d kirimnya sangat cepat.,kirim cepat,5,1,Positif
"Aku suka beli disini, rasanya enak, warnanya juga bener bener gelap, cantik banget hasilnya",suka enak warna bener bener gelap cantik hasil,15,1,Positif
Bagus tepung ketan nya,bagus tepung ketan nya,2,1,Positif
"Rasa: enak,ga tengik Tekstur: bagus Kegunaan: kue Pembelian ke-2,memuaskan Respon cepat,produk kualitas pun sangat bagus",enak tengik tekstur bagus guna kue beli muas respon cepat kualitas bagus,26,1,Positif
Rasa: enak tepunya ga apek fres,enak tepu apek fres,-2,0,Negatif
Pengiriman cepat. Packing aman. Harga murah. Kualitas ok. Recommended. Makasih seller,kirim cepat kemas aman harga murah kualitas ok rekomendasi jual,23,1,Positif
Pengiriman cepat. Packing aman. Harga murah. Kualitas ok. Recommended. Makasih seller 1 d*****3,kirim cepat kemas aman harga murah kualitas ok rekomendasi jual,23,1,Positif
Rasa: Ok Tekstur: Bagus Kegunaan: Buat kue,ok tekstur bagus guna kue,7,1,Positif
"Rasa: ok Tekstur: ok Kegunaan: pas bgt buat bolu terima kasih kaka seller, paket sudah sampai dengan baik, lengkap, cepat... alhamdulillah 0:08",ok tekstur ok guna pas bolu kaka jual lengkap cepat,18,1,Positif
Enak gak bikin perut gak nyaman Smoga amanah trus Mkasih seller Berkah selalu,enak perut nyaman smoga amanah trus jual berkah,22,1,Positif
"Produk sesuai pesanan tp blm di coba semoga bagus ya,dan smp dlm keadaan baik.",sesuai coba bagus smp,7,1,Positif
Barang sesuai 👍,sesuai,3,1,Positif
"Rasa: ok Tekstur: ok Kegunaan: ok terima kasih kakak seller paket sudah sampai dengan baik, aman, lengkap, alhamdulillah",ok tekstur ok guna ok jual aman lengkap,16,1,Positif
Rasa: ok Tekstur: ok Kegunaan: ok Ok,ok tekstur ok guna ok ok,17,1,Positif
Rasa: belom tau Semoga sesuai ekspektasi 0:42,bom tau sesuai ekspektasi,0,0,Negatif
"Maaf saya kasi bintang 3, krn gak kelihatan tgl exp. 1 saputra_aan",maaf kasi bintang tgl exp saputra aan,-1,0,Negatif
Rasa: pas Tekstur: lembut Kegunaan: lezat,pas tekstur lembut guna lezat,9,1,Positif
Paket diterima. Thanks seller dan shopee,terima jual,3,1,Positif
alhamdulillah terimakasih banyak barang sudah sampai dengan aman 1 vitriadewibinawati518,terimakasih aman vitriadewibinawati,5,1,Positif
Semoga kedepannya packagingnya bisa lebih baik,depan packagingnya,0,0,Negatif
Rasa: ok Tekstur: kenyal Kegunaan: ok,ok tekstur kenyal guna ok,9,1,Positif
Produk: Barang rusak Maaf ku kasih bintang 2 dlu soalnya barang pecah bubble wrapnya PELIT BETUL. Lain kali klo ngirim sejenis tepung begitu bubble wrapnya di tebalin jgn pelit* 1 t*****2,rusak maaf ku bintang dlu pecah bubble wrapnya pelit ngirim jenis tepung bubble wrapnya tebalin jgn pelit,13,1,Positif
"Produk: Kualitas buruk Warna nya pucet bgt abu2, pertama kali beli disini bagus warna nya hitam terus pas beli banyak kedua kali warna nya gini semua Update Penilaian 1 n0xlput",kualitas buruk warna nya pucet abu bagus warna nya hitam pas warna nya gin nxlput,3,1,Positif
Terimakasih seller and kurir Paketnya sampai dengan selamat Semoga selalu baik dan makin baik,terimakasih jual and paket selamat,15,1,Positif
Harga murmer...,harga murmer,3,1,Positif
Rasa: ok Tekstur: lembut Kegunaan: utk membuat kue Barang pesanan sudah diterima. Reapon seller baik.,ok tekstur lembut guna kue terima reapon jual,8,1,Positif
"Sangat memuaskan , 1 milo.dancow",muas milo dancow,5,1,Positif
"Kirain 500gram ternyata cm 250 gram, aku slh baca😔",kirain gram cm gram slh baca,3,1,Positif
Kakak bagus si hanya saja kemasannya ada bocor 1.,bagus si kemas bocor,1,1,Positif
"Sangat memuaskan , 1",muas,5,1,Positif
Tekstur: lembut tdk berpasir Rasa: rasa yg khas Rasakan: untuk bolu ketan hitam dan selalu enak Sdh sering repeat order. Dan selalu enak untuk bolu ketan hitam 0:06,tekstur lembut tdk pasir khas rasa bolu ketan hitam enak enak bolu ketan hitam,4,1,Positif
Rasa: enakk Tekstur: ga seret di mulut Kegunaan: cocok buat bikin bolu ketan 0:26,enak tekstur seret mulut guna cocok bolu ketan,9,1,Positif
"Rasakan: saat dibuka ternyata bagian bawahnya robek, robek saat didalam plastik beningnya Produk: Barang rusak 0:16",rasa buka bawah robek robek dalam plastik bening rusak,-3,0,Negatif
Tekstur: cocok teksturnya lembut Rasa: enak rasa tepungnya gurih & manis Rasakan: rasanya manis enak Sudah tidak udh diragukan lagi tepung ketan yg cocok untuk jualan saya & suguhan keluarga saya..thanks dikirim cepat & aman 0:12 0:06,tekstur cocok tekstur lembut enak tepung gurih manis rasa manis enak ragu tepung ketan cocok jual suguh keluarga kirim cepat aman,36,1,Positif
Rasa: belum di coba Tekstur: bagus dan kadaluarsa nya masih lama Kegunaan: untuk membuat kue bolu 0:16,coba tekstur bagus kadaluarsa nya guna kue bolu,5,1,Positif
"Tekstur: halus dan lembut Rasa: rasanya murni ketan hitam Rasakan: sudah coba dua kali tp rasa tetap enak, legit dan lembut... Ini adalah pembelian kedua, saya suka, semoga rasa dan teksturnya tidak berubah... Terimakasih seller",tekstur halus lembut murni ketan hitam rasa coba enak legit lembut beli suka tekstur ubah terimakasih jual,16,1,Positif
"Rasa: enak Tekstur: lembut Kegunaan: bolu ketan lumer yang lembut , enak, & cantik...",enak tekstur lembut guna bolu ketan lembut lembut enak cantik,13,1,Positif
Tepung murah meriah rasa enak dan mantap terima kasih seller berkah barokah 0:11,tepung murah riah enak bagus jual berkah barokah,18,1,Positif
"Rasa: ketan Tekstur: halus Kegunaan: untuk kue Dapat harga murah dong karna punya diskon, pengirimannya sangat cepat. Produk bagus top amanah tokonya 0:06",ketan tekstur halus guna kue harga murah diskon kirim cepat bagus bagus amanah toko,23,1,Positif
Rasa: enak dibikin bolu Tekstur: halus kayak tepung biasa Kegunaan: cocok buat kue bolu kukus ketan itam 0:10,enak bikin bolu tekstur halus kayak tepung guna cocok kue bolu kukus ketan itam,7,1,Positif
"Bagus, enak, hitam pekat, rekomended. Tp ngirimnya agak lama huhu. Thnkyu seller.",bagus enak hitam pekat rekomendasi ngirimnya huhu thnkyu jual,4,1,Positif
"Bagus, packing ok. Pengiriman lumayan cepat. kurir baik. Thanks",bagus kemas ok kirim lumayan cepat,15,1,Positif
"Packing aman, tepung ketan asli tanpa campuran apapun, rekomendasi 0:04",kemas aman tepung ketan asli campur apa rekomendasi,7,1,Positif
Alhamdulillah paket sudah sampai pengiriman lumayan cepat sudah order yang kedua kalinya 0:08,kirim lumayan cepat kali,6,1,Positif
Rasa: enak Tekstur: lembut Kegunaan: untuk membuat kue Alhamdulillah paket sudah nyampe kemasan rapi rasanya enak tekstur lembut berguna untuk membuat kue 0:05,enak tekstur lembut guna kue nyampe kemas rapi enak tekstur lembut guna kue,18,1,Positif
"Rasa: sangat lezat dan memuaskan Tekstur: tekstur yg sangat bagus Kegunaan: cocok. untuk membuat kue Pengiriman cepat, dapat harga murah.. Rasa kue nya lezat 0:05",lezat muas tekstur tekstur bagus guna cocok kue kirim cepat harga murah kue nya lezat,33,1,Positif
"Cocok Untuk: baking Kualitas: baik Rasanya enak dibanding merk lain, mungkin karna ada proses oven sebelumnya, Saya sudah 5x co di toko ini, semoga harganya stabil dan rasanya tetap berkualitas..",cocok baking kualitas enak banding merk proses oven co toko harga stabil kualitas,23,1,Positif
"Kualitas: ok Cocok Untuk: kue Alhamdulillah paket sdh diterima, packing lumayam rapi, pengiriman cpt, hrga oke, blm dicoba baru pertama kali beli semoga rasanya enakk. Terimakasih seller",kualitas ok cocok kue terima kemas lumayam rapi kirim cpt hrga coba enak terimakasih jual,35,1,Positif
Pesanan sudah tiba tepung beras ketan hitam serbaguna untuk kue rasa enak pengemasan aman cepat makasih seller dan tim shopee,tepung beras ketan hitam serbaguna kue enak emas aman cepat jual tim,1,1,Positif
Alhamdulillah barang sudah sampai dengan selamat dan baik-baik saja tidak ada komentar apa-apa terimakasih atas kerjasama yang baik dan benar 0:06,selamat komentar terimakasih kerjasama,13,1,Positif
"Rasanya enak,, jualan bolu ketan hitam keju lumer aku laris manis, terimakasih seller juga abang kurir nya🙏🙏",enak jual bolu ketan hitam keju lembut laris manis terimakasih jual abang nya,13,1,Positif
Tekstur: tekstur lembut Rasa: kelihatanya enak Rasakan: baru beli jadi belum mencoba 0:11,tekstur tekstur lembut kelihatanya enak rasa coba,5,1,Positif
"Tekstur: teksturnua lembut Rasa: rasa tepungnya enak dan harum Rasakan: benar enak, harum dan lembut Siangnya paket sampai langsung sorenya dieksekusi bikin bolu ketan hitam keju lumer. Setelah sekian purnama akhirnya ga penasaran lagi. Update Penilaian Siang paketnya sampai, sorenya langsung dieksekusi bikin bolu ketan hitam keju lumer setelah sekian purnama nyari2 tepung ketan hitam di daerah saya ga ada dan ternyata beneran seenak itu apalagi pakai tepung merk ini. Ga ada bau apeknya.. Murah lagi. Bakal langganan deh..",tekstur teksturnua lembut tepung enak harum rasa enak harum lembut siang langsung sore eksekusi bolu ketan hitam keju lembut sekian purnama penasaran siang paket sore langsung eksekusi bolu ketan hitam keju lembut sekian purnama nyari tepung ketan hitam daerah beneran enak pakai tepung merk bau apek murah langgan,20,1,Positif
Maafkan lupa moto tepungnya. Sudah jadi kue hehee.. rasanya enak gak ngeres banget trus wrna hitamnya bagus. Hrganya murah tapi enak. Nnti aku mau order lgi. Kue aku jdi tmbh laku😬😁,maaf lupa moto tepung kue hehee enak ngeres trus wrna hitam bagus hrganya murah enak nnti kue jdi tmbh laku,14,1,Positif
Barang bagus. Pengiriman cepat. Sampai cepat. Respon lumayan. Tengkyuuu..,bagus kirim cepat cepat respon lumayan tengkyuuu,13,1,Positif
Paket sudah sampai. Pengiriman cepat. Semoga rasa kerannya enak dan dagangan aku latis.  jadi bisa repead order lagi. Thanks seller dan shopee,kirim cepat keran enak dagang latis repead jual,7,1,Positif
Rasa: legit Tekstur: lembut Kegunaan: untuk membuat kue/ bolu MasyaAllah kemarin nyoba beli 4 bungkus sekarang 25 bungkus 👍👍 1 aisyah1007,legit tekstur lembut guna kue bolu masyaallah kemarin nyoba bungkus bungkus aisyah,5,1,Positif
Tekstur: baik,tekstur,0,0,Negatif
Rasa: ok Tekstur: ok Kegunaan: ok,ok tekstur ok guna ok,13,1,Positif
"Semoga rasa & tekstur cocok di lidah,",tekstur cocok lidah,4,1,Positif
Bagus bngt tepingnya,bagus bngt tepingnya,2,1,Positif
Semoga enak ya,enak,5,1,Positif
Packing tepungnya sudah terbuka,kemas tepung buka,6,1,Positif
Kualitas: blm di coba..tp kliatannya ok  banget Cocok Untuk: bikin bolu Alhamdulilah paketannya dah sampe dengan selamat dan pengirimannya rapi..semoga amanah dan lancar terus untuk tokonya  penjual yg baik..trima kasi sopee ada aplikasi km sangat22 membantu 0:32 5 anafocke1990,kualitas coba kliatannya ok cocok bolu alhamdulilah paket dah sampe selamat kirim rapi amanah lancar toko jual trima kasi sopee aplikasi km bantu anafocke,35,1,Positif
Jenis: TEPUNG KETAN HITAM Harga: MURAHHHH Kualitas: BELUM TAU BELUM PERNAH COBA MERK INI 0:49 2 564nur173,jenis tepung ketan hitam harga murahhhh kualitas tau coba merk nur,1,1,Positif
"Rasa: blm dicoba Tekstur: lembut Kegunaan: berbagai keperluan masak Barang diterima dalam kondisi baik, packing aman pakai bubble wrap, sesuai pesanan,semoga rasanya enak,next beli lagi 0:04 1 bcn2v46kah",coba tekstur lembut guna perlu masak terima kondisi kemas aman pakai bubble wrap sesuai enak bcnvkah,20,1,Positif
"Paketnya sdh sampai, blm dcoba sptnya bagus, pengiriman jg cepat trmksh seller dan kurir 0:17 1 1 2 ... 60 61 62 63 64 ...",paket dcoba sptnya bagus kirim cepat trmksh jual,12,1,Positif
Kualitas: blm di coba..tp kliatannya ok  banget Cocok Untuk: bikin bolu Alhamdulilah paketannya dah sampe dengan selamat dan pengirimannya rapi..semoga amanah dan lancar terus untuk tokonya  penjual yg baik..trima kasi sopee ada aplikasi km sangat22 membantu 0:32 5,kualitas coba kliatannya ok cocok bolu alhamdulilah paket dah sampe selamat kirim rapi amanah lancar toko jual trima kasi sopee aplikasi km bantu,35,1,Positif
"Rasa: belum nyoba Tekstur: lembut Kegunaan: bikin bolu Pengiriman cepat, rencana mo bikin bolu caramel ketan hitam, semoga cocok dengan yang diinginkan 0:10",nyoba tekstur lembut guna bolu kirim cepat rencana mo bolu caramel ketan hitam cocok,8,1,Positif
"Rasa: blom dicoba semoga enk ya Tekstur: blom dibuka semoga lembut ga berpasir Kegunaan: cocok buat kue basak ato kering Pingi bikin rukuk2 isi kelapa biasanya spesial rasanya,untung dishopee ada tepung ketan hitam jd lebih praktis ga usah nyelep lagi 0:18",coba enk tekstur buka lembut pasir guna cocok kue basak ato kering pingi rukuk isi kelapa spesial untung dishopee tepung ketan hitam jd praktis nyelep,16,1,Positif
"Rasa: blm di coba Kegunaan: bahan kue Alhamdulilah pesanan sdh sampai, paking aman, siap bikin kue. Trimakasih 0:16",coba guna bahan kue alhamdulilah paking aman kue trimakasih,7,1,Positif
"Rasa: blom dicoba... Tekstur: halus Kegunaan: sebagai bahan kue bolu ketan hitam Terimakasih seller barang sdh diterima dalam kondisi baik, semoga berkah ya...",coba tekstur halus guna bahan kue bolu ketan hitam terimakasih jual terima kondisi berkah,8,1,Positif
"Rasa: belum di coba Tekstur: halus Kegunaan: buat kue Ternyata ukurannya kecil , expired Juli  2026 0:26",coba tekstur halus guna kue ukur expired juli,6,1,Positif
Rasa: belum di coba Tekstur: halus Kegunaan: adonan kue Barang sesuai pesanan. Semoga enak kalau sudah di masak 0:06 1 yayuklovesadewo,coba tekstur halus guna adon kue sesuai enak masak yayuklovesadewo,9,1,Positif
"Rasa: tepung ketan hitam,blm coba Tekstur: lembut halus Kegunaan: baik utk buat mcm2 kue Alhamdulillah,tepung ketan hitam SDH smpe,agak lama sih,tp aman,pak kurir makasih, 0:53",tepung ketan hitam coba tekstur lembut halus guna mcm kue tepung ketan hitam smpe aman,-5,0,Negatif
Tekstur: belum cek Rasa: blm coba Rasakan: belum mencoba Pertama kali lihat ini dipostingan seorang dokter diIG buat kue ketan pakai ketan Bummi. Saya penasaran dan beli. Sayangnya blm bisa eksekusi karena kendala alat 0:22 1 u*****7,tekstur cek coba rasa coba lihat dipostingan dokter diig kue ketan pakai ketan bummi penasaran sayang eksekusi kendala alat,1,1,Positif
"Rasa: blm dicoba Tekstur: halus Kegunaan: cocok buat bikin2 kue Respon penjual bagus , pengiriman cepat, paking kurang aman krn ada kemasan yg pecah 0:16 1 f*****s",coba tekstur halus guna cocok kue respon jual bagus kirim cepat paking aman kemas pecah,20,1,Positif
"Rasa: belom coba Tekstur: lembut Kegunaan: cocok untuk kue Pengiriman lumayan cepat, harganya terjangkau, pengiriman dengan baik 0:25",bom coba tekstur lembut guna cocok kue kirim lumayan cepat harga jangkau kirim,19,1,Positif
"Kualitas: ngga ada tanggal expired/produksi btw... Pengemasan standar. Pengiriman H+2. Produk belum sempet dicoba, sih... Soalnya pas paket datang, pas tangan kanan saya bengkak dicakar kocheng, padahal udah niat m langsung bikin bolunya 😑 1 1 2 ... 62 63 64 65 66 ...",kualitas tanggal expired produksi btw emas standar kirim sempet coba pas pas tangan kanan bengkak cakar kocheng niat langsung bolu,8,1,Positif
Rasa: blm di coba Tekstur: bagus Kegunaan: membuat kue 1 a*****2,coba tekstur bagus guna kue,5,1,Positif
Rasa: belum dicoba Tekstur: belum dicoba Kegunaan: cocok buat bikin bolu yg lagi viral 😅 Check out tepung ketan hitam gara2 fomo pengen bikin bolu ketan hitam lumer or brownies ketan hitam keju karamel. 0:12 1 oktavianinastiti_,coba tekstur coba guna cocok bolu viral check out tepung ketan hitam gara fomo ken bolu ketan hitam lembut or brownies ketan hitam keju karamel oktavianinastiti,-3,0,Negatif
"Rasa: belum dicoba Kegunaan: untuk kue Tekstur: belum tau Sukaa sihh sama barangnya tapi belum dicoba, 👍 1 s*****r",coba guna kue tekstur tau sukaa sihh barang coba,-1,0,Negatif
Rasa: blm dicoba Tekstur: blm tau Kegunaan: cocok untuk membuat bolu ketan Tapi sayang nya exp bulan ini 😅 0:08 Respon Penjual: kakkk itu exp 2026 ya bukan bulan ini 1 nchefz,coba tekstur tau guna cocok bolu ketan sayang nya exp respon jual kakkk exp nchefz,9,1,Positif
"Terima kasih sudah sampai, tapi belom di coba rasanya enak atau engga",bom coba enak engga,8,1,Positif
"Rasa: belum dicoba Tekstur: lembut Kegunaan: mau bikin bolu ketan hitam Pengen nyobain bikin bolu ketan hitam yang lagi viral, susah banget beli di toko offline akhirnya beli di shopee. Makasih seller 0:22 1 1 2 ... 63 64 65 66 67 ...",coba tekstur lembut guna bolu ketan hitam ken nyobain bolu ketan hitam viral susah toko offline jual,-4,0,Negatif
Barang sampai dengan cepat aman. Harga terjangkau packing standar lah. Belum di cobain moga aja bagus 0:06 1 o*****5,cepat aman harga jangkau kemas standar cobain moga bagus,10,1,Positif
"Rasa: belum dicoba Tekstur: oke Kegunaan: bolu rencana untuk membuat bolu, kalo hasilnya oke nanti order lg ya thx seller 👌 0:07",coba tekstur guna bolu rencana bolu kalo hasil jual,9,1,Positif
Rasa: blm dicoba Tekstur: SM seperti tepung Kegunaan: untuk membuat bolu,coba tekstur sm tepung guna bolu,3,1,Positif
Cocok Untuk: bikin bolu Kualitas: blm dicoba Terimakasih banyak ya kak pesanan sudah diterima Semoga sukses terus ya kak 1 hanadewi.sd,cocok bolu kualitas coba terimakasih terima sukses hanadewi sd,20,1,Positif
Rasa: blm di coba Tekstur: biasa seperti tepung Kegunaan: bolu dll 1 atrisudaryati,coba tekstur tepung guna bolu dll atrisudaryati,3,1,Positif
Rasa: blm di coba Tekstur: tepung Kegunaan: membuat kue 1 1 2 ... 64 65 66 67 68 ...,coba tekstur tepung guna kue,3,1,Positif
Rasa: belum dcoba Tekstur: lembut Kegunaan: utk kue bolu ketan,dcoba tekstur lembut guna kue bolu ketan,1,1,Positif
Rasa: belum coba Tekstur: belum tau Kegunaan: buat kue semoga cocok Bismillah,coba tekstur tau guna kue cocok bismillah,7,1,Positif
Rasa: belum di coba Tekstur: halus Kegunaan: buat makanan 1 dwianggia29,coba tekstur halus guna makan dwianggia,4,1,Positif
"Belum dicoba... Nanti aku coba semoga legit biar aku beli terus, terimakasih",coba coba legit biar terimakasih,14,1,Positif
Rasa: belum d coba Tekstur: tepung lembut Kegunaan: utk bikin bolu Paket sampai dengan aman packing rapih exp masih lama Terima kasih,coba tekstur tepung lembut guna bolu aman kemas rapih exp,6,1,Positif
"Tekstur: belum cobaa semoga sajaa sesuai yaaa Rasa: seharusnyaa enak sii belum coba Rasakan: belum coba rasanyaa Tumpaah dalam plastik nih, semoga tidak mengurangi rasa 🥹 0:12 0:15",tekstur cobaa sajaa sesuai yaaa seharusnyaa enak sii coba rasa coba rasanyaa tumpaah plastik kurang,7,1,Positif
Rasa: belum dicoba Tekstur: belum dibuka Kegunaan: untuk membuat bolu ketan hitam keju lumer,coba tekstur buka guna bolu ketan hitam keju lembut,2,1,Positif
Rasa: blm d coba Tekstur: lembut Kegunaan: untuk kue Tepung ketan hitam nya baru datang mudah 2 an enak di buat kue nya,coba tekstur lembut guna kue tepung ketan hitam nya mudah an enak kue nya,8,1,Positif
"Tekstur: kualitas bagus,pacing bagus.kalo rasa belum coba.nanti kalo dah d coba aya barui.",tekstur kualitas bagus pacing bagus kalo coba kalo dah coba aya baru,12,1,Positif
Rasa: blm d coba Tekstur: lembut Kegunaan: untuk membuat kue,coba tekstur lembut guna kue,3,1,Positif
"Rasa: blm coba,jd blm tau Tekstur: maaf br sampe,blm di buka Kegunaan: utk bikin kue",coba jd tau tekstur maaf br sampe buka guna kue,4,1,Positif
"Rasa: belum coba Tekstur: sepertinya halus Kegunaan: bolu ketan hitam lumer Packing aman sampai ditangan, kemasan baik dan ada resep bolu yg lg viral nih.. dan harga terjangkau, btw di daerah ku banyak yg udah habis stok nya 0:26",coba tekstur halus guna bolu ketan hitam lembut kemas aman tang kemas resep bolu viral harga jangkau btw daerah ku habis stok nya,11,1,Positif
"Tepungnya sdh dateng, blm dicoba smg sesuai dgn reviewnya, packing rapih, tks",tepung dateng coba smg sesuai reviewnya kemas rapih,10,1,Positif
Rasa: rasa ketan hitam Tekstur: blum dicoba Kegunaan: utk kue,ketan hitam tekstur blum coba guna kue,-1,0,Negatif
"Rasa: blm dimasak Tekstur: tepung Kegunaan: bolu Belum tau kualitasnya, beli karena mau coba. Cuma satu sih yg buat saya bingung. Sebelumnya Saya order 2 pcs tapi ngga dikirim2 sampe dibatalin Dr shopee, sekarang saya order 1 pc dikirim setelah saya chat seller “kenapa belum dikirim?” Dan sehari langsung sampe padahal luar kota. Tolong bagian pengirimannya diperbaiki..",masak tekstur tepung guna bolu tau kualitas coba bingung pcs kirim sampe dibatalin pc kirim chat jual kirim hari langsung sampe kota tolong kirim baik,25,1,Positif
"Rasa: enak Tekstur: bagus Setelah mencoba beberapa merk, saya paling cocok sama merk ini, tepungnya haluss gak ngeres, dan warnanya hitam pekat tanpa perlu diberi bubuk coklat dll, baunya pun wangi khas ketan hitam gak apek. Mantapp semoga harganya ga naik2 lagi ya 🤓🤣 0:10",enak tekstur bagus coba merk cocok merk tepung haluss ngeres warna hitam pekat bubuk coklat dll bau wangi khas ketan hitam apek bagus harga,5,1,Positif
"Rasa: baik Tekstur: nagus Kegunaan: cocok untuk bikin kue Tepung ketan hitam, harga terjangkau, expired masih lama, cocok buat bikin kue yang lagi viral, respon penjual cepat, pengemasan produk aman",tekstur nagus guna cocok kue tepung ketan hitam harga jangkau expired cocok kue viral respon jual cepat emas aman,14,1,Positif
Rasa: oke Tekstur: bagus Kegunaan: untuk membuat kue Hasil nya hitam pekat bagus. Ini cahaya foto aja jadi hasilnya beda. Aslinya hitam bagus banget 0:09,tekstur bagus guna kue hasil nya hitam pekat bagus cahaya foto hasil beda asli hitam bagus,8,1,Positif
"barang sesuai, kecepatan pengiriman standar, harga standar, barang utuh, rekomended, dianjurkan pembelian kedua 0:04",sesuai cepat kirim standar harga standar utuh rekomendasi anjur beli,7,1,Positif
Alhamdulillah ini order yg ketiga. Jualanku laris manis 😁 rasa ketannya enak. Nnti order lg ya. Terimakasih.. 0:08,tiga jual laris manis ketan enak nnti terimakasih,16,1,Positif
Rasa: sangat enak Tekstur: halus Cocok untuk bolu kukus. Kualitas bagus dan mantap 0:04,enak tekstur halus cocok bolu kukus kualitas bagus bagus,17,1,Positif
"Rasa: enak Tekstur: lembut sedikit berstektur Kegunaan: bikin bolu ketan hitam. Endul bestie, twpung jg baru ya, tidak tengik atau gimana. Good...",enak tekstur lembut berstektur guna bolu ketan hitam endul bestie twpung tengik good,7,1,Positif
Baru mau coba katanya bagus Semoga beneran bagus hehe,coba bagus beneran bagus hehe,9,1,Positif
"Rasa: pas di lidah dan tidak terlalu manis Tekstur: memiliki tekstur yang bagus Kegunaan: cocok untuk membuat kue yg lezat Udak kesekian kalinya buat kue ini, anak2ku semuanya suka👌🏻🥰🥰🥰 0:12",pas lidah manis tekstur milik tekstur bagus guna cocok kue lezat udak sekian kali kue anak suka,21,1,Positif
Rasa: belum dicoba 🙏 Tekstur: sepertinya lembut Kegunaan: cocok untuk membuat kue bolu ketan keju lumer... Pengemasan cepat Pengiriman cepat Packing standar tapi aman Semoga besok as sesuai ekspektasi saat buat bikin kue...klo jadi next time pesan lagi 0:18,coba tekstur lembut guna cocok kue bolu ketan keju lembut emas cepat kirim cepat kemas standar aman besok as sesuai ekspektasi kue time pesan,21,1,Positif
"Rasa: memuaskan Tekstur: lembut Kegunaan: cocok untuk semua jenis kue basah, mantap buat bikin dodol Ternyata kemasan 250g itu kecil banget ya, maklum gak pernah beli tepung ketan, pantas semua jajanan berbahan tepung ketan harganya mahal 0:04",muas tekstur lembut guna cocok jenis kue basah bagus dodol kemas maklum tepung ketan jajan bahan tepung ketan harga mahal,19,1,Positif
"Rasa: paling endulita 🤤 Tekstur: ada Krenyes2 dari tepung ketan hitamnya Kegunaan: bolu ketan hitam,brownis ketan hitam Update Penilaian Cocok untuk olahan kue brownis atau bolu ketan hitam.harga ramah dikantong.soal rasa recommended banget.toko ini amanah Pokonya selalu langganan disini",endulita tekstur krenyes tepung ketan hitam guna bolu ketan hitam brownis ketan hitam cocok olah kue brownis bolu ketan hitam harga ramah kantong rekomendasi toko amanah poko langgan,3,1,Positif
"Rasa: enak Tekstur: tekstur lembut Kegunaan: kue² Terimakasih toko, ini pembelian ke2 Alhamdulillah datang cepat pakcing juga rapi👍.. Tepungnya lembut ga terasa kasar setelah jadi kue🫰 0:15",enak tekstur tekstur lembut guna kue terimakasih toko beli cepat pakcing rapi tepung lembut kasar kue,19,1,Positif
"Rasa: enak, khas ketan hitam Tekstur: halus Kegunaan: cocok untuk membuat aneka kue Recommended buat yang gak suka rasa krenyes krenyes di kuenya, karena yg ino tepungnya halus 0:11",enak khas ketan hitam tekstur halus guna cocok aneka kue rekomendasi suka krenyes krenyes kue ino tepung halus,16,1,Positif
Respon Cepat dan komunikatif Pengiriman Cepat dan Aman Produk sesuai Gambar dan Deskripsi Dijamin Amanah Rekomendasi Seller Bintang 5. ⭐⭐⭐⭐⭐,respon cepat komunikatif kirim cepat aman sesuai gambar deskripsi jamin amanah rekomendasi jual bintang,12,1,Positif
"Pesanan sudah sampai dengan baik packing cuma pake bubble tapi alhmdulillah isi nya tidak pecah,,,kemasan bagus expired masih lama trimakasih 0:05",kemas pakai bubble alhmdulillah isi nya pecah kemas bagus expired trimakasih,14,1,Positif
Rasa: enakkk Tekstur: lembut Kegunaan: cocok untuk bolu ketan..kmrn nyobain bikin bugis enak jugaaaaa 0:16,enakkk tekstur lembut guna cocok bolu ketan kmrn nyobain bugis enak jugaaaaa,10,1,Positif
Alhamdulillah sesuai pesanan 🙏👍 Belum di coba bikin kue,sesuai coba kue,5,1,Positif
"Rasa: belum dicoba, smoga enak Tekstur: tekstur yang lembut Kegunaan: cocok untuk buat brownis ketan hitam, kurirnya sangat baikkkk",coba smoga enak tekstur tekstur lembut guna cocok brownis ketan hitam kurir baikkkk,8,1,Positif
Rasa: enak Tekstur: halus Kegunaan: kue Dapet harga murah flashsale 9.9 jdi maaf klo CO ny cumn 1 tdiny mau beli 10 buat stok.. 0:05,enak tekstur halus guna kue dapet harga murah flashsale jdi maaf co ny cumn tdiny stok,13,1,Positif
"Rasa: lezat Tekstur: ketan Kegunaan: enak, saya bikin brownies bakar coklat ketan, enak dan berhasil. pengiriman jg cepat",lezat tekstur ketan guna enak brownies bakar coklat ketan enak hasil kirim cepat,25,1,Positif
Rasa: enak Tekstur: bagus packing amann banget smp ke Samarinda ga ada yg bocor kerennn seller makin laris barokah,enak tekstur bagus kemas amann smp samarinda bocor kerennn jual laris barokah,7,1,Positif
Rasa: blm di coba Kegunaan: buat balu cake ketan hitam alhamdulillah pengiriman cepat barang di terima dng baik harga umum 0:14,coba guna balu cake ketan hitam kirim cepat dng harga,7,1,Positif
Tepung sangat enak untuk bolu worth it sekali terima kasih seller untuk best murah tapi tidak murahan 0:21,tepung enak bolu worth it jual best murah murah,12,1,Positif
Bagus barang mya datang srsuai pedanan.semoga nt tepung nya enak kalau di pakai kue.terimkasih sopii 0:19,bagus mya srsuai dan nt tepung nya enak pakai kue terimkasih sopi,7,1,Positif
Pengeriman lumayan cepat. Belum di coba buat semoga enak sesuai svideonya. 0:05,rim lumayan cepat coba enak sesuai svideonya,11,1,Positif
"Bagus bngt dipke bkin bolu, tidak ngeres pkoknya halus enak rasanya gk bau apek tepung ny",bagus bngt dipke bkin bolu ngeres pkoknya halus enak gk bau apek tepung ny,-1,0,Negatif
Rasa: enak banget Tekstur: lembut dan warnanya hitam pekat,enak tekstur lembut warna hitam pekat,1,1,Positif
Rasa: enak Tekstur: kualitas bagus Kegunaan: bikin bolu/kue 0:28,enak tekstur kualitas bagus guna bolu kue,12,1,Positif
Rasa: memiliki cita rasa yang kaya Dan legit Tekstur: bubuk Kegunaan: membuat bolu ketan hitam 0:05,milik cita kaya legit tekstur bubuk guna bolu ketan hitam,-1,0,Negatif
"Alhamdulillah barang sudah sampai, next order lagi. Terimakasih seller 0:04",terimakasih jual,6,1,Positif
Bintang yg menjawab kualitasnya bagus lembut teksturnya next order lagi,bintang kualitas bagus lembut tekstur,6,1,Positif
Blm di coba ....mau buat bolu ketan hitam keju lumer,coba bolu ketan hitam keju lembut,-2,0,Negatif
Rasa: enak Tekstur: lembut Kegunaan: cocok untuk membuat kue Terimakasih tepung nya enak lembut.. jd kue nya nikmat.. Terimakasih ka semoga usaha nya tambah lancar 0:07,enak tekstur lembut guna cocok kue terimakasih tepung nya enak lembut jd kue nya nikmat terimakasih ka usaha nya lancar,33,1,Positif
Rasa: enak Tekstur: baik Kegunaan: untuk membuat kue Pesanan telah di terima dengan baik dan aman. Terima kasih kk,enak tekstur guna kue aman kk,6,1,Positif
Rasa: enak Tekstur: enak gak kasar Kegunaan: untuk bolu ketan Harga murah dan cepat sampai bahan ini enak untuk membuat bolu ketan hitam tidak berpasir lembut. Jangan ragu untuk membeli 0:05,enak tekstur enak kasar guna bolu ketan harga murah cepat bahan enak bolu ketan hitam pasir lembut ragu beli,17,1,Positif
"Rasa: belum dicoba Tekstur: belum dicoba Kegunaan: cocok untuk bikin kue yang sedang viral Kualitas produk baik, barang datang dengan kondisi baik, sesuai dengan apa yang dipesan dan dipilih, pengiriman juga sesuai dengan tanggal estimasi tiba. Terima kasih 0:10",coba tekstur coba guna cocok kue viral kualitas kondisi sesuai pes pilih kirim sesuai tanggal estimasi,15,1,Positif
Paket tepung ketan hitam sudah sampai. Mao buat percobaan. Semoga rasanya enak. Pengiriman lumayan cepat dan aman. Terimakasih abang kurir dan seller. 0:05,tepung ketan hitam mao coba enak kirim lumayan cepat aman terimakasih abang jual,15,1,Positif
Rasa: blm dimasak Tekstur: garing Kegunaan: blm dicoba Sesuai gambat 1:00,masak tekstur garing guna coba sesuai gambat,13,1,Positif
Rasa: enak dan memuaskan Tekstur: memiliki tekstur yang lezat Kegunaan: cocok untuk membuat anaka macam kue Orderan kedua. Balik lagi karena kualitas tepungnya emang bagus banget. Pertahankan yaa. Saran aja mungkin bisa juga adain yg kemasan 1kg. Terima kasih Update Penilaian,enak muas tekstur milik tekstur lezat guna cocok anaka kue order kualitas tepung emang bagus tahan yaa saran adain kemas kg,33,1,Positif
"Rasa: sangat lezat dan memuaskan Tekstur: memiliki tekstur yg bagus Kegunaan: cocok untuk membuat kue yg lezat Paket sudah datang dg baik.rapi dan tidak ada yg bocor.blm dicoba, semoga hasilnya ebak buat bolu ... hrsnya legit,Krn aku sudah prnh coba merk yg lain, hasilnya enak dan legit.mantul. 0:07",lezat muas tekstur milik tekstur bagus guna cocok kue lezat rapi bocor coba hasil ebak bolu hrsnya legit prnh coba merk hasil enak legit bagus,47,1,Positif
Paket sudah datang sesuai deskripsi Teksturnya halus Belum dicoba semoga enak 0:04,sesuai deskripsi tekstur halus coba enak,6,1,Positif
"Banyak yang bilang kalo tepung ini tuh enak banget dipake buat bikin bolu, jadinya aku nyoba. Semoga beneran enak. Thanks seller 0:09",bilang kalo tepung tuh enak dipake bolu nyoba beneran enak jual,14,1,Positif
Barang sesuai dengan pesanan harga standar pengiriman lumayan packing aman pokoknya recommended seller,sesuai harga standar kirim lumayan kemas aman pokok rekomendasi jual,14,1,Positif
"Rasa: Ketan hitam Tekstur: halus Kegunaan: bahan kue Pesanan sdh diterima dg baik dikemas rapi dan aman, sesuai pesanan, proses order dan kirimnya cepat, terima kasih 🙏♥️",ketan hitam tekstur halus guna bahan kue terima kemas rapi aman sesuai proses kirim cepat,11,1,Positif
Paket sudah sampai dan sesuai dg yg dipesan pengen buat roti yg lg viral itu 0:04,sesuai pes ken roti viral,6,1,Positif
Tekstur: lembut Kegunaan: membuat bolu ketan hitam Pengemasan baik.. berat sesuai.. pengiriman cepat 0:04,tekstur lembut guna bolu ketan hitam emas berat sesuai kirim cepat,5,1,Positif
Rasa: enak wangi Tekstur: bikin bolu jdi lembut Kegunaan: buat bolu ketan,enak wangi tekstur bolu jdi lembut guna bolu ketan,10,1,Positif
Rasa: kue Tekstur: lembut Kegunaan: membuat kue Alhamdulillah paketnya sudah sampai 0:07,kue tekstur lembut guna kue paket,5,1,Positif
"Rasa: belum di coba gak tau rasanya Tekstur: memiliki tekstur tepung lah Kegunaan: buat masak bolu ketan kukus keju lumer yg lagi viral Belum sempet di coba , lagi ngumpulin mood nya dulu ,baru nanti deh bikin kue bolu ketan kukus keju lumer yg lagi viral, makasih ya untuk seller makasih ya untuk shopee 0:08",coba tau tekstur milik tekstur tepung guna masak bolu ketan kukus keju lembut viral sempet coba ngumpulin mood nya kue bolu ketan kukus keju lembut viral jual,7,1,Positif
Rasa: ketan hitam Tekstur: halus Kegunaan: perboluan Alhamdulillah sampai juga tepung ketan yang lagi viral n langka... Mungkin ramai yang order jadi pengiriman agak lambat di proses... 0:07,ketan hitam tekstur halus guna bolu tepung ketan viral langka ramai kirim lambat proses,-1,0,Negatif
Rasa: enak tidak berpasir Tekstur: bubuk Kegunaan: cocok membuat kue Pengiriman oke Barang oke,enak pasir tekstur bubuk guna cocok kue kirim,7,1,Positif
Rasa: blm coba Tekstur: blm coba Kegunaan: membuat bolu Mksih paketnya sdah smpai barang sesuai gambar semuga nanti jd kue yg enak dan jd seperti yg ku inginkan 0:06,coba tekstur coba guna bolu mksih paket sdah smpai sesuai gambar semuga jd kue enak jd ku,20,1,Positif
"Tekstur: memiliki tekstur lembut Kegunaan: cocok membuat kue barang sesuai,belum di coba semoga enak maksih seller",tekstur milik tekstur lembut guna cocok kue sesuai coba enak maksih jual,17,1,Positif
Rasa: belum tau belum dicoba Kegunaan: untuk membuat kue bolu ketan hitam keju lumer virak 0:06,tau coba guna kue bolu ketan hitam keju lembut virak,-5,0,Negatif
Rasa: sangat legit enak Tekstur: lembut. Kegunaan: cocok untuk bolu yg lagi viral 0:14,legit enak tekstur lembut guna cocok bolu viral,14,1,Positif
Rasa: lezat Tekstur: lembut Kegunaan: untuk membuat kue,lezat tekstur lembut guna kue,6,1,Positif
Cocok Untuk: bolu Kualitas: blm tau baru mau cba klo nanti hasilnya bgus asli ketannya next bisa order lg maaf telat rivieww 0:05,cocok bolu kualitas tau cba hasil bgus asli ketan maaf telat rivieww,6,1,Positif
Alhamdulillah paket sudah sampai pengiriman lumayan cepat packing barang rapi tepungnya masih lama kadaluarsanya 0:05,kirim lumayan cepat kemas rapi tepung kadaluarsanya,12,1,Positif
"Rasa: apek Tekstur: kasar Produk: Kualitas buruk Pertama kali beli oke, warna bagus, tepung tidak terlalu ber aroma. Makanya repurchase. Tapi kali ini, maaf bgt tapi tepungnya apek. Setelah dikukus apeknya lebih terasa lagi. Warna juga kurang hitam merata 2 ibra.olshop",apek tekstur kasar kualitas buruk warna bagus tepung ber aroma repurchase maaf tepung apek kukus apek warna hitam rata ibra olshop,-12,0,Negatif
Kualitas: semoga bagus Cocok Untuk: kue Belum dimasak..semoga enak..mau bikin bolu ketan hitam keju 0:12,kualitas bagus cocok kue masak enak bolu ketan hitam keju,13,1,Positif
Rasa: enakkk Tekstur: lembut gurih Kegunaan: cocok untuk buat kue viral,enakkk tekstur lembut gurih guna cocok kue viral,6,1,Positif
"Cocok Untuk: bolu Kualitas: sangat baik Puas sekali, tepung nya mantap pas sudah dieksekusiii. 0:14",cocok bolu kualitas puas tepung nya bagus pas dieksekusiii,16,1,Positif
Rasa: enak Tekstur: lembut Kegunaan: bikin bolu ketan hitam Meskipun harus bersabar order tepung bummi ini tapi hasilnya memuaskan. Jadi klo mau order jgn mepet² waktunya. Orderan saya yg kedua kalinya ini 1minggu baru sampai. 0:07 2 h*****k,enak tekstur lembut guna bolu ketan hitam sabar tepung bummi hasil muas jgn mepet order kali minggu,15,1,Positif
Bagus tepungnya hitam dan yang pasti rasanya tidak berpasir,bagus tepung hitam pasir,-2,0,Negatif
"Rasa: enak Tekstur: lembut Kegunaan: bolu Baru sempet ngasih penilaian, karena baru dibikin pake tepung ketan merk Bummi. Ini order yg pertama kali, tepung nya wangi dan enak jg rasa bolu nya. Cuman sayang aja pas order lama pengirimannya. Kl misal PO di tulis aja Kaa jd customer gak nunggu2 bolak balik melacak pesanan 😅🙏 over all bagus, enak. Makasiihh Kaa",enak tekstur lembut guna bolu sempet ngasih bikin pakai tepung ketan merk bummi tepung nya wangi enak bolu nya cuman sayang pas kirim po tulis kaa jd customer nunggu bolak lacak over all bagus enak makasiihh kaa,34,1,Positif
"Rasa: belum coba Tekstur: bubuk Kegunaan: buat bolu Packing aman. Dan aku jg tau kalo ini dilubangi dikit biar engga kempes, terus dilapis 2 biar engga bocor, sipp bgt. Cuma sedihnya packing lama bgt. Semoga bisa improve yaa seller. Sukses selalu yaa😊🙏 0:07",coba tekstur bubuk guna bolu kemas aman tau kalo lubang dikit biar engga kempes lap biar engga bocor sipp sedih kemas improve yaa jual sukses yaa,-19,0,Negatif
"Mantap tepung ketannya pekat. Bagus, cuma pengiriman emang agak lama katanya lagi produksi dl. Agak bersabar tp nyampe tapat pada waktunya. Makasih ya 0:08",bagus tepung ketan pekat bagus kirim emang produksi dl sabar nyampe tapat,11,1,Positif
Rasa: enak Tekstur: kasar karena kan ketan Kegunaan: membuat kue viral Kue yg sy buat jd enak n bagus...sisanya tigl setengah sdh di pakai 1bungkus 1/2 0:10,enak tekstur kasar ketan guna kue viral kue jd enak bagus sisa tigl pakai bungkus,9,1,Positif
Rasa: pada umumnya Akhirnya kesampean bikin. Produk pengirimannya ckup lama. Warna hitam ckup pekat. Enak. Oke buat ngobatin pnasaran😅 thankyou 0:04,sampean kirim ckup warna hitam ckup pekat enak ngobatin pnasaran thankyou,-1,0,Negatif
Rasa: ok Tekstur: tepung Kegunaan: untuk kue Tepung ketan hitam ini cocok untuk cake 👍 semoga kue nya enak rasa nya 0:11,ok tekstur tepung guna kue tepung ketan hitam cocok cake kue nya enak nya,10,1,Positif
"Warnanya cantik, hitam pekat, enak pokoknya, bakalan beli disini lagi, recommended 0:04",warna cantik hitam pekat enak pokok rekomendasi,6,1,Positif
"Kemasan rapih dan barangnya juga aman ,sesuai pesanan . 0:05",kemas rapih barang aman sesuai,6,1,Positif
"Rasa: lembut Tekstur: halus Kegunaan: cocok membuat kue Udah habis 1 bungkus tepung ketan nya, Rasanya enak lembut di bikin kue yang lagi viral Gak bikin seret, harga cuma ramah di kantong Bakal order lagi di sini kalau udah habis 0:08",lembut tekstur halus guna cocok kue habis bungkus tepung ketan nya enak lembut kue viral seret harga ramah kantong habis,25,1,Positif
"Alhamdulillah pesanan saya sudah sampai, barangnya blm d coba , mudah2an  bagus, terimakasih kak semoga usahanya lancar dan berkah 0:09",barang coba mudah bagus terimakasih usaha lancar berkah,22,1,Positif
Rasa: oke Tekstur: oke Kegunaan: bolu ketan hitam alhamdulillah enaaak duh ini aja diawet awet isi 250gr ku bagi 2 emang dari dulu suka ketan hitam karna free gluten,tekstur guna bolu ketan hitam enaaak duh awet awet isi gr ku emang suka ketan hitam free gluten,5,1,Positif
Rasa: lezat Tekstur: bagus Kegunaan: buat kue Kualitas produk baik pengiriman cpt recommended makasih yaaa,lezat tekstur bagus guna kue kualitas kirim cpt rekomendasi yaaa,14,1,Positif
"Kualitas: yang di foto itu brownies pake tepungnya bummi. aroma dan rasa ketan hitamnya mantep, ngga kalah sama dark chocolatenya. Kemarin ini kepaksa bikin brownie pake tepung ketan hitam merek lain yg ada di toko deket rumah, ternyata hasilnya bagusan pake tepungnya bummi. Satu bungkus pas buat satu resep juga, ngga harus nimbang2 lagi. Kali ini packagingnya tiga lapis xD. Pake bubble wrap juga.Sudah pasti bakal repeat order ini mah. Thank you! 1 nandamoethy",kualitas foto brownies pakai tepung bummi aroma ketan hitam mantep kalah dark chocolatenya kemarin paksa brownie pakai tepung ketan hitam merek toko deket rumah hasil bagus pakai tepung bummi bungkus pas resep nimbang packagingnya lapis xd pakai bubble wrap mah thank you nandamoethy,10,1,Positif
Ketan hitamnya bagus enak banget Warna nya hitam pekat manul Makasii banyak ya kak,ketan hitam bagus enak warna nya hitam pekat manul makasii,-1,0,Negatif
Kualitas: bagus banget Cocok Untuk: bolu Untuk pembelian ke 3 kalinya. Pokoknya recommended banget lah toko ini buat tepung ketan hitam nya.,kualitas bagus cocok bolu beli kali pokok rekomendasi toko tepung ketan hitam nya,11,1,Positif
"Sampenya lama. Alhamdulillah ga ada yg bocor sampai dengan aman. Thanx seller , shope dan kurir. 0:09",sampenya bocor aman thanx jual shope,-3,0,Negatif
Rasa: enak Tekstur: lembut Kegunaan: kue bolu Rasa kerannya brasa banget,enak tekstur lembut guna kue bolu keran brasa,2,1,Positif
"Rasa: enak Tekstur: lembut tdk berpasir Kegunaan: bolu Tdk bau apek, tdk berpasir enak.. Langganan di sini utk selanjutnya 0:09",enak tekstur lembut tdk pasir guna bolu tdk bau apek tdk pasir enak langgan,5,1,Positif
"Rasa: enak dan khas, pas tidaj terlalu manis Tekstur: sangat halus, khas beda dg brownies tepung lain Kegunaan: cocok umtuk membuat browmies kukus Harga murah dibanding seller lain. Thanks 0:11",enak khas pas tidaj manis tekstur halus khas beda brownies tepung guna cocok umtuk browmies kukus harga murah banding jual,34,1,Positif
Rasa: ketan hitam Tekstur: lembut Kegunaan: cocok buat kue berbahan ketan hitam Terimakasih ka admin..paket tepung ketannya sampai cepat sekali👍 Selalu amanah ya dlm cepat memproses orderan 🙏 0:23,ketan hitam tekstur lembut guna cocok kue bahan ketan hitam terimakasih ka admin tepung ketan cepat amanah cepat proses order,11,1,Positif
"Rasa: enak Tekstur: lembut Kegunaan: bikin kue Tepung ny so far sesuai, fresh Cm pengiriman agak lama, mungkin krn lg viral trs stok ny abis 😁",enak tekstur lembut guna kue tepung ny so far sesuai fresh cm kirim viral trs stok ny abis,7,1,Positif
"Rasa: enak Tekstur: lembut Kegunaan: untum bolu ketan Terimakasih seller , next order lagi di toko ini...",enak tekstur lembut guna untum bolu ketan terimakasih jual toko,12,1,Positif
Rasa: baik Tekstur: baik.baik Kegunaan: baik Peking aman Cepat Enak,tekstur guna peking aman cepat enak,9,1,Positif
"Rasa: enakk Tekstur: lembut Kegunaan: cocok buat bolu ketan Tepung ketan ini beda dari yg lain, rasa ketannya lebih enak, lembut, wangi",enak tekstur lembut guna cocok bolu ketan tepung ketan beda ketan enak lembut wangi,17,1,Positif
Rasa: lezat Tekstur: textur yg bagus Kegunaan: cocok bikin kue Blom d coba semoga hasilnya bagus. Pengiriman cepat. Trimakasih shopee Nex order lagi 0:06,lezat tekstur textur bagus guna cocok kue coba hasil bagus kirim cepat trimakasih nex,28,1,Positif
"Ikut2an fomo bikin bolu, belum di coba tapi sepertinya meyakinkan, mudah2an hasil nya sesuai ekspektasi",ikut fomo bolu coba mudah hasil nya sesuai ekspektasi,9,1,Positif
"Rasa: legit, mantap Tekstur: ga terlalu grainy Kegunaan: bikin bolu ketan Ah enak banget pokoknya mantul 0:17",legit bagus tekstur grainy guna bolu ketan ah enak pokok bagus,17,1,Positif
Rasa: blm dicoba Tekstur: lembut Kegunaan: bolu Alhamdulillah recommended seller trimakasih banyak 0:04,coba tekstur lembut guna bolu rekomendasi jual trimakasih,8,1,Positif
"Rasa: enak Tekstur: lembut,tidak berpasir Kegunaan: cocok untuk bolu",enak tekstur lembut pasir guna cocok bolu,10,1,Positif
Rasa: pas di lidah dan tidak terlalu manis Tekstur: sangat lembut dan kenyal Kegunaan: cocok buat kue yang lezat,pas lidah manis tekstur lembut kenyal guna cocok kue lezat,18,1,Positif
"Cocok Untuk: cake Alhamdulillaah. Baru pertama beli di toko ini. Amanah. Service cepat, packing rapi. Aman gak bocor. Terimakasih seller dan abang kurir . Semoga selalu sehat. 0:09",cocok cake alhamdulillaah toko amanah service cepat kemas rapi aman bocor terimakasih jual abang sehat,24,1,Positif
Rasa: memuaskan Tekstur: memiliki tekstur yang bagus Kegunaan: cocok untuk membuat kue (bolu) yang lezat 0:11,muas tekstur milik tekstur bagus guna cocok kue bolu lezat,18,1,Positif
Alhamdulillah sesuai pesanan 🙏👍,sesuai,3,1,Positif
Rasa: enak Tekstur: agak kasar Kegunaan: bikin kue,enak tekstur kasar guna kue,6,1,Positif
"Murah sih, tapi warna tepungnya abu2 😃",murah warna tepung abu,6,1,Positif
"Udah dateng sih, tp belum dicoba",dateng coba,4,1,Positif
Bagus 👍👍👍 0:51,bagus,2,1,Positif
Sesuai deakripsi,sesuai deakripsi,3,1,Positif
Kegunaan: ok,guna ok,5,1,Positif
Rasa: kyk beras Tekstur: halus Kegunaan: buat kueh,kyk beras tekstur halus guna kueh,1,1,Positif
"Makasih ya paling murah ini dari toko lain,",murah toko,3,1,Positif
Pesanan sudah datang semoga hasilnya bagus,hasil bagus,5,1,Positif
Bolunya enak,bolu enak,5,1,Positif
Baru mau coba,coba,2,1,Positif
Belum dicoba 🙏,coba,2,1,Positif
Belum dicoba.kalau sesuai nanti order lagi,coba sesuai,5,1,Positif
Rasa: belum coba,coba,2,1,Positif
Siap di eksekusi,eksekusi,0,0,Negatif
